"item","definition","uni_lemma","type","IPA"
1,"baa baa","baa baa","word"," bˈɑː bˈɑː"
2,"choo choo","choo choo","word"," tʃˈuː tʃˈuː"
3,"cockadoodledoo","cockadoodledoo","word"," kˈɑːkɐdˌuːdəLdˌuː"
4,"grrr","grrr","word"," dʒˌiːˌɑːɹˌɑːɹˈɑːɹ"
5,"meow","meow","word"," mɪˈoʊ"
6,"moo","moo","word"," mˈuː"
7,"ouch","ouch","word"," ˈaʊtʃ"
8,"quack quack","quack quack","word"," kwˈæk kwˈæk"
9,"uh oh","uh oh","word"," ˈʌ ˈoʊ"
10,"vroom","vroom","word"," vˈiːɹˈuːm"
11,"woof woof","woof woof","word"," wˈuːf wˈuːf"
12,"yum yum","yum yum","word"," jˈʌm jˈʌm"
13,"alligator","alligator","word"," ˈælɪɡˌeɪɾɚ"
14,"animal","animal","word"," ˈænɪməL"
15,"ant","ant","word"," ˈænt"
16,"bear","bear","word"," bˈɛɹ"
17,"bee","bee","word"," bˈiː"
18,"bird","bird","word"," bˈɜːd"
19,"bug","bug","word"," bˈʌɡ"
20,"bunny","bunny","word"," bˈʌni"
21,"butterfly","butterfly","word"," bˈʌɾɚflˌaɪ"
22,"cat","cat","word"," kˈæt"
23,"chicken","chicken (animal)","word"," tʃˈɪkɪn"
24,"cow","cow","word"," kˈaʊ"
25,"deer","deer","word"," dˈɪɹ"
26,"dog","dog","word"," dˈɑːɡ"
27,"donkey","donkey","word"," dˈɑːŋki"
28,"duck","duck","word"," dˈʌk"
29,"elephant","elephant","word"," ˈɛlɪfənt"
30,"fish","fish (animal)","word"," fˈɪʃ"
31,"frog","frog","word"," fɹˈɑːɡ"
32,"giraffe","giraffe","word"," dʒɪɹˈæf"
33,"goose","goose","word"," ɡˈuːs"
34,"hen","hen","word"," hˈɛn"
35,"horse","horse","word"," hˈɔːɹs"
36,"kitty","kitty","word"," kˈɪɾi"
37,"lamb","lamb","word"," lˈæm"
38,"lion","lion","word"," lˈaɪəɹn"
39,"monkey","monkey","word"," mˈʌnki"
40,"moose","moose","word"," mˈuːs"
41,"mouse","mouse","word"," mˈaʊs"
42,"owl","owl","word"," ˈaʊl"
43,"penguin","penguin","word"," pˈɛŋɡwɪn"
44,"pig","pig","word"," pˈɪɡ"
45,"pony","pony","word"," pˈoʊni"
46,"puppy","puppy","word"," pˈʌpi"
47,"rooster","rooster","word"," ɹˈuːstɚ"
48,"sheep","sheep","word"," ʃˈiːp"
49,"squirrel","squirrel","word"," skwˈɪɹəL"
50,"teddybear","teddybear","word"," tˈɛdɪbˌɛɹ"
51,"tiger","tiger","word"," tˈaɪɡɚ"
52,"turkey","turkey","word"," tˈɜːki"
53,"turtle","turtle","word"," tˈɜːɾəL"
54,"wolf","wolf","word"," wˈʊlf"
55,"zebra","zebra","word"," zˈiːbɹə"
56,"airplane","airplane","word"," ˈɛɹpleɪn"
57,"bicycle","bicycle","word"," baɪsˈɪkəL"
58,"boat","boat","word"," bˈoʊt"
59,"bus","bus","word"," bˈʌs"
60,"car","car","word"," kˈɑːɹ"
61,"firetruck","firetruck","word"," fˈaɪəɹtɹʌk"
62,"helicopter","helicopter","word"," hˈɛlɪkˌɑːptɚ"
63,"motorcycle","motorcycle","word"," mˈoʊɾəsˌaɪkəL"
64,"sled","sled","word"," slˈɛd"
65,"stroller","stroller","word"," stɹˈoʊlɚ"
66,"tractor","tractor","word"," tɹˈæktɚ"
67,"train","train","word"," tɹˈeɪn"
68,"tricycle","tricycle","word"," tɹˈaɪsaɪkəL"
69,"truck","truck","word"," tɹˈʌk"
70,"ball","ball","word"," bˈɔːl"
71,"balloon","balloon","word"," bəlˈuːn"
72,"bat","bat","word"," bˈæt"
73,"block","block","word"," blˈɑːk"
74,"book","book","word"," bˈʊk"
75,"bubbles","bubbles","word"," bˈʌbəLz"
76,"chalk","chalk","word"," tʃˈɔːk"
77,"crayon","crayon","word"," kɹˈeɪɑːn"
78,"doll","doll","word"," dˈɑːl"
79,"game","game","word"," ɡˈeɪm"
80,"glue","glue","word"," ɡlˈuː"
81,"pen","pen","word"," pˈɛn"
82,"pencil","pencil","word"," pˈɛnsɪl"
83,"play dough","play dough","word"," plˈeɪ dˈoʊ"
84,"present","present","word"," pɹˈɛzənt"
85,"puzzle","puzzle","word"," pˈʌzəL"
86,"story","story","word"," stˈoːɹi"
87,"toy","toy (object)","word"," tˈɔɪ"
88,"apple","apple","word"," ˈæpəL"
89,"applesauce","applesauce","word"," ˈæpəLsˌɔːs"
90,"banana","banana","word"," bɐnˈænə"
91,"beans","beans","word"," bˈiːnz"
92,"bread","bread","word"," bɹˈɛd"
93,"butter","butter","word"," bˈʌɾɚ"
94,"cake","cake","word"," kˈeɪk"
95,"candy","candy","word"," kˈændi"
96,"carrots","carrots","word"," kˈæɹəts"
97,"cereal","cereal","word"," sˈiəɹɪəL"
98,"cheerios","cheerios","word"," tʃˈɪɹɪˌoʊz"
99,"cheese","cheese","word"," tʃˈiːz"
100,"chicken","chicken (food)","word"," tʃˈɪkɪn"
101,"chocolate","chocolate","word"," tʃˈɑːklət"
102,"coffee","coffee","word"," kˈɔfi"
103,"coke","coke","word"," kˈoʊk"
104,"cookie","cookie","word"," kˈʊki"
105,"corn","corn","word"," kˈɔːɹn"
106,"cracker","cracker","word"," kɹˈækɚ"
107,"donut","donut","word"," dˈoʊnʌt"
108,"drink","drink (beverage)","word"," dɹˈɪŋk"
109,"egg","egg","word"," ˈɛɡ"
110,"fish","fish (food)","word"," fˈɪʃ"
111,"food","food","word"," fˈuːd"
112,"french fries","french fries","word"," fɹˈɛntʃ fɹˈaɪz"
113,"grapes","grapes","word"," ɡɹˈeɪps"
114,"green beans","green beans","word"," ɡɹˈiːn bˈiːnz"
115,"gum","gum","word"," ɡˈʌm"
116,"hamburger","hamburger","word"," hˈæmbɜːɡɚ"
117,"ice","ice","word"," ˈaɪs"
118,"ice cream","ice cream","word"," ˈaɪs kɹˈiːm"
119,"jello","jello","word"," dʒˈɛloʊ"
120,"jelly","jelly","word"," dʒˈɛli"
121,"juice","juice","word"," dʒˈuːs"
122,"lollipop","lollipop","word"," lˈɑːlɪpˌɑːp"
123,"meat","meat","word"," mˈiːt"
124,"melon","melon","word"," mˈɛlən"
125,"milk","milk","word"," mˈɪlk"
126,"muffin","muffin","word"," mˈʌfɪn"
127,"noodles","pasta","word"," nˈuːdəLz"
128,"nuts","nuts","word"," nˈʌts"
129,"orange","orange (food)","word"," ˈɔːɹɪndʒ"
130,"pancake","pancake","word"," pˈænkeɪk"
131,"peas","peas","word"," pˈiːz"
132,"peanut butter","peanut butter","word"," pˈiːnʌt bˈʌɾɚ"
133,"pickle","pickle","word"," pˈɪkəL"
134,"pizza","pizza","word"," pˈiːtsə"
135,"popcorn","popcorn","word"," pˈɑːpkɔːɹn"
136,"popsicle","popsicle","word"," pˈɑːpsɪkəL"
137,"potato chip","chips","word"," pətˈeɪɾoʊ tʃˈɪp"
138,"potato","potato","word"," pətˈeɪɾoʊ"
139,"pretzel","pretzel","word"," pɹɪtsˈɛl"
140,"pudding","pudding","word"," pˈʊdɪŋ"
141,"pumpkin","pumpkin","word"," pˈʌmpkɪn"
142,"raisin","raisin","word"," ɹˈeɪzən"
143,"salt","salt","word"," sˈɑːlt"
144,"sandwich","sandwich","word"," sˈændwɪtʃ"
145,"sauce","sauce","word"," sˈɔːs"
146,"soda","soda","word"," sˈoʊdə"
147,"soup","soup","word"," sˈuːp"
148,"spaghetti","pasta","word"," spæɡˈɛɾi"
149,"strawberry","strawberry","word"," stɹˈɔːbɛɹi"
150,"toast","toast","word"," tˈoʊst"
151,"tuna","tuna","word"," tjˈuːnə"
152,"vanilla","vanilla","word"," vænˈɪlə"
153,"vitamins","vitamins","word"," vˈaɪɾəmˌɪnz"
154,"water","water (beverage)","word"," wˈɔːɾɚ"
155,"yogurt","yogurt","word"," jˈɑːɡɜːt"
156,"beads","beads","word"," bˈiːdz"
157,"belt","belt","word"," bˈɛlt"
158,"bib","bib","word"," bˈɪb"
159,"boots","boots","word"," bˈuːts"
160,"button","button","word"," bˈʌɾən"
161,"coat","coat","word"," kˈoʊt"
162,"diaper","diaper","word"," dˈaɪəpɚ"
163,"dress","dress (object)","word"," dɹˈɛs"
164,"gloves","gloves","word"," ɡlˈʌvz"
165,"hat","hat","word"," hˈæt"
166,"jacket","jacket","word"," dʒˈækɪt"
167,"jeans","jeans","word"," dʒˈiːnz"
168,"mittens","mittens","word"," mˈɪɾənz"
169,"necklace","necklace","word"," nˈɛkləs"
170,"pajamas","pajamas","word"," pædʒˈɑːməz"
171,"pants","pants","word"," pˈænts"
172,"scarf","scarf","word"," skˈɑːɹf"
173,"shirt","shirt","word"," ʃˈɜːt"
174,"shoe","shoe","word"," ʃˈuː"
175,"shorts","shorts","word"," ʃˈɔːɹts"
176,"slipper","slipper","word"," slˈɪpɚ"
177,"sneaker","sneaker","word"," snˈiːkɚ"
178,"snowsuit","snowsuit","word"," snˈoʊsuːt"
179,"sock","sock","word"," sˈɑːk"
180,"sweater","sweater","word"," swˈɛɾɚ"
181,"tights","tights","word"," tˈaɪts"
182,"underpants","underpants","word"," ˌʌndɚpˈænts"
183,"zipper","zipper","word"," zˈɪpɚ"
184,"ankle","ankle","word"," ˈæŋkəL"
185,"arm","arm","word"," ˈɑːɹm"
186,"belly button","belly button","word"," bˈɛli bˈʌɾən"
187,"buttocks","butt","word"," bˈʌɾəks"
188,"cheek","cheek","word"," tʃˈiːk"
189,"chin","chin","word"," tʃˈɪn"
190,"ear","ear","word"," ˈɪɹ"
191,"eye","eye","word"," ˈaɪ"
192,"face","face","word"," fˈeɪs"
193,"finger","finger","word"," fˈɪŋɡɚ"
194,"foot","foot","word"," fˈʊt"
195,"hair","hair","word"," hˈɛɹ"
196,"hand","hand","word"," hˈænd"
197,"head","head","word"," hˈɛd"
198,"knee","knee","word"," nˈiː"
199,"leg","leg","word"," lˈɛɡ"
200,"lips","lips","word"," lˈɪps"
201,"mouth","mouth","word"," mˈaʊθ"
202,"nose","nose","word"," nˈoʊz"
203,"owie","owie","word"," ˈoʊi"
204,"penis","penis","word"," pˈiːnɪs"
205,"shoulder","shoulder","word"," ʃˈoʊldɚ"
206,"toe","toe","word"," tˈoʊ"
207,"tongue","tongue","word"," tˈʌŋ"
208,"tooth","tooth","word"," tˈuːθ"
209,"tummy","tummy","word"," tˈʌmi"
210,"vagina","vagina","word"," vədʒˈaɪnə"
211,"basket","basket","word"," bˈæskɪt"
212,"blanket","blanket","word"," blˈæŋkɪt"
213,"bottle","bottle","word"," bˈɑːɾəL"
214,"bowl","bowl","word"," bˈoʊl"
215,"box","box","word"," bˈɑːks"
216,"broom","broom","word"," bɹˈuːm"
217,"brush","brush (object)","word"," bɹˈʌʃ"
218,"bucket","bucket","word"," bˈʌkɪt"
219,"camera","camera","word"," kˈæmɚɹə"
220,"can","can (object)","word"," kˈæn"
221,"clock","clock","word"," klˈɑːk"
222,"comb","comb (object)","word"," kˈoʊm"
223,"cup","cup","word"," kˈʌp"
224,"dish","dish","word"," dˈɪʃ"
225,"fork","fork","word"," fˈɔːɹk"
226,"garbage","garbage","word"," ɡˈɑːɹbɪdʒ"
227,"glass","glass","word"," ɡlˈæs"
228,"glasses","glasses","word"," ɡlˈæsɪz"
229,"hammer","hammer","word"," hˈæmɚ"
230,"jar","jar","word"," dʒˈɑːɹ"
231,"keys","keys","word"," kˈiːz"
232,"knife","knife","word"," nˈaɪf"
233,"lamp","lamp","word"," lˈæmp"
234,"light","light","word"," lˈaɪt"
235,"medicine","medicine","word"," mˈɛdsən"
236,"money","money","word"," mˈʌni"
237,"mop","mop","word"," mˈɑːp"
238,"nail","nails","word"," nˈeɪl"
239,"napkin","napkin","word"," nˈæpkɪn"
240,"paper","paper","word"," pˈeɪpɚ"
241,"penny","penny","word"," pˈɛni"
242,"picture","picture","word"," pˈɪktʃɚ"
243,"pillow","pillow","word"," pˈɪloʊ"
244,"plant","plant","word"," plˈænt"
245,"plate","plate","word"," plˈeɪt"
246,"purse","purse","word"," pˈɜːs"
247,"radio","radio","word"," ɹˈeɪdɪˌoʊ"
248,"scissors","scissors","word"," sˈɪsɚz"
249,"soap","soap","word"," sˈoʊp"
250,"spoon","spoon","word"," spˈuːn"
251,"tape","tape","word"," tˈeɪp"
252,"telephone","telephone","word"," tˈɛlɪfˌoʊn"
253,"tissue","tissue","word"," tˈɪʃuː"
254,"toothbrush","toothbrush","word"," tˈuːθbɹʌʃ"
255,"towel","towel","word"," tˈaʊəL"
256,"trash","trash","word"," tɹˈæʃ"
257,"tray","tray","word"," tɹˈeɪ"
258,"vacuum","vacuum","word"," vˈækjuːm"
259,"walker","walker","word"," wˈɔːkɚ"
260,"watch","watch (object)","word"," wˈɑːtʃ"
261,"basement","basement","word"," bˈeɪsmənt"
262,"bathroom","bathroom","word"," bˈæθɹuːm"
263,"bathtub","bathtub","word"," bˈæθtʌb"
264,"bed","bed","word"," bˈɛd"
265,"bedroom","bedroom","word"," bˈɛdɹuːm"
266,"bench","bench","word"," bˈɛntʃ"
267,"chair","chair","word"," tʃˈɛɹ"
268,"closet","closet","word"," klˈɑːzɪt"
269,"couch","couch","word"," kˈaʊtʃ"
270,"crib","crib","word"," kɹˈɪb"
271,"door","door","word"," dˈoːɹ"
272,"drawer","drawer","word"," dɹˈɔːɹ"
273,"dryer","dryer","word"," dɹˈaɪɚ"
274,"garage","garage","word"," ɡɐɹˈɑːʒ"
275,"high chair","high chair","word"," hˈaɪ tʃˈɛɹ"
276,"kitchen","kitchen","word"," kˈɪtʃən"
277,"living room","living room","word"," lˈɪvɪŋ ɹˈuːm"
278,"oven","oven","word"," ˈʌvən"
279,"play pen","play pen","word"," plˈeɪ pˈɛn"
280,"porch","porch","word"," pˈɔːɹtʃ"
281,"potty","potty","word"," pˈɑːɾi"
282,"rocking chair","rocking chair","word"," ɹˈɑːkɪŋ tʃˈɛɹ"
283,"refrigerator","refrigerator","word"," ɹɪfɹˈɪdʒɚɹˌeɪɾɚ"
284,"room","room","word"," ɹˈuːm"
285,"shower","shower","word"," ʃˈaʊɚ"
286,"sink","sink","word"," sˈɪŋk"
287,"sofa","sofa","word"," sˈoʊfə"
288,"stairs","stairs","word"," stˈɛɹz"
289,"stove","stove","word"," stˈoʊv"
290,"table","table","word"," tˈeɪbəL"
291,"TV","tv","word"," tˌiːvˈiː"
292,"window","window","word"," wˈɪndoʊ"
293,"washing machine","washing machine","word"," wˈɑːʃɪŋ məʃˈiːn"
294,"backyard","yard","word"," bˈækjɑːɹd"
295,"cloud","cloud","word"," klˈaʊd"
296,"flag","flag","word"," flˈæɡ"
297,"flower","flower","word"," flˈaʊɚ"
298,"garden","garden","word"," ɡˈɑːɹdən"
299,"grass","grass","word"," ɡɹˈæs"
300,"hose","hose","word"," hˈoʊz"
301,"ladder","ladder","word"," lˈædɚ"
302,"lawn mower","lawn mower","word"," lˈɔːn mˈoʊɚ"
303,"moon","moon","word"," mˈuːn"
304,"pool","pool","word"," pˈuːl"
305,"rain","rain","word"," ɹˈeɪn"
306,"rock","rock (object)","word"," ɹˈɑːk"
307,"roof","roof","word"," ɹˈuːf"
308,"sandbox","sandbox","word"," sˈændbɑːks"
309,"shovel","shovel","word"," ʃˈʌvəL"
310,"sidewalk","sidewalk","word"," sˈaɪdwɔːk"
311,"sky","sky","word"," skˈaɪ"
312,"slide","slide (object)","word"," slˈaɪd"
313,"snow","snow","word"," snˈoʊ"
314,"snowman","snowman","word"," snˈoʊmən"
315,"sprinkler","sprinkler","word"," spɹˈɪŋklɚ"
316,"star","star","word"," stˈɑːɹ"
317,"stick","stick","word"," stˈɪk"
318,"stone","stone","word"," stˈoʊn"
319,"street","street","word"," stɹˈiːt"
320,"sun","sun","word"," sˈʌn"
321,"swing","swing (object)","word"," swˈɪŋ"
322,"tree","tree","word"," tɹˈiː"
323,"water","water (not beverage)","word"," wˈɔːɾɚ"
324,"wind","wind","word"," wˈɪnd"
325,"beach","beach","word"," bˈiːtʃ"
326,"camping","camping","word"," kˈæmpɪŋ"
327,"church","church","word"," tʃˈɜːtʃ"
328,"circus","circus","word"," sˈɜːkəs"
329,"country","country","word"," kˈʌntɹi"
330,"downtown","downtown","word"," dˈaʊnɾaʊn"
331,"farm","farm","word"," fˈɑːɹm"
332,"gas station","gas station","word"," ɡˈæs stˈeɪʃən"
333,"home","home","word"," hˈoʊm"
334,"house","house","word"," hˈaʊs"
335,"movie","movie","word"," mˈuːvi"
336,"outside","outside","word"," aʊtsˈaɪd"
337,"park","park","word"," pˈɑːɹk"
338,"party","party","word"," pˈɑːɹɾi"
339,"picnic","picnic","word"," pˈɪknɪk"
340,"playground","playground","word"," plˈeɪɡɹaʊnd"
341,"school","school","word"," skˈuːl"
342,"store","store","word"," stˈoːɹ"
343,"woods","woods","word"," wˈʊdz"
344,"work","work (place)","word"," wˈɜːk"
345,"yard","yard","word"," jˈɑːɹd"
346,"zoo","zoo","word"," zˈuː"
347,"aunt","aunt","word"," ˈɑːnt"
348,"baby","baby","word"," bˈeɪbi"
349,"babysitter","babysitter","word"," bˈeɪbɪsˌɪɾɚ"
351,"boy","boy","word"," bˈɔɪ"
352,"brother","brother","word"," bɹˈʌðɚ"
353,"child","child","word"," tʃˈaɪld"
354,"clown","clown","word"," klˈaʊn"
355,"cowboy","cowboy","word"," kˈaʊbɔɪ"
356,"daddy","daddy","word"," dˈædi"
357,"doctor","doctor","word"," dˈɑːktɚ"
358,"fireman","firefighter","word"," fˈaɪəɹmən"
359,"friend","friend","word"," fɹˈɛnd"
360,"girl","girl","word"," ɡˈɜːl"
361,"grandma","grandma","word"," ɡɹˈændmɑː"
362,"grandpa","grandpa","word"," ɡɹˈændpɑː"
363,"lady","lady","word"," lˈeɪdi"
364,"mailman","mailman","word"," mˈeɪlmən"
365,"man","man","word"," mˈæn"
366,"mommy","mommy","word"," mˈɑːmi"
367,"nurse","nurse","word"," nˈɜːs"
369,"people","people","word"," pˈiːpəL"
370,"person","person","word"," pˈɜːsən"
372,"police","police","word"," pəlˈiːs"
373,"sister","sister","word"," sˈɪstɚ"
374,"teacher","teacher","word"," tˈiːtʃɚ"
375,"uncle","uncle","word"," ˈʌŋkəL"
376,"bath","bath","word"," bˈæθ"
377,"breakfast","breakfast","word"," bɹˈɛkfəst"
378,"bye","bye","word"," bˈaɪ"
379,"call","call on phone","word"," kˈɔːl"
380,"dinner","dinner","word"," dˈɪnɚ"
381,"give me five!","give me five","word"," ɡˈɪv mˌiː fˈaɪv"
382,"gonna get you!","gonna get you","word"," ɡˈɑːnə ɡˈɛt juː"
383,"go potty","go potty","word"," ɡˌoʊ pˈɑːɾi"
384,"hello","hello","word"," həlˈoʊ"
385,"hi","hi","word"," hˈaɪ"
386,"lunch","lunch","word"," lˈʌntʃ"
387,"nap","nap","word"," nˈæp"
388,"night night","good night","word"," nˈaɪt nˈaɪt"
389,"no","no","word"," nˈoʊ"
390,"pattycake","pattycake","word"," pˈæɾɪkˌeɪk"
391,"peekaboo","peekaboo","word"," pˈiːkɐbˌuː"
392,"please","please","word"," plˈiːz"
393,"shh","shh","word"," ˌɛsˌeɪtʃˈeɪtʃ"
394,"shopping","shopping","word"," ʃˈɑːpɪŋ"
395,"snack","snack","word"," snˈæk"
396,"so big!","so big","word"," sˌoʊ bˈɪɡ"
397,"thank you","thank you","word"," θˈæŋk juː"
398,"this little piggy","this little piggy","word"," ðɪs lˈɪɾəL pˈɪɡi"
399,"turn around","turn around","word"," tˈɜːn ɐɹˈaʊnd"
400,"yes","yes","word"," jˈɛs"
401,"bite","bite","word"," bˈaɪt"
402,"blow","blow","word"," blˈoʊ"
403,"break","break","word"," bɹˈeɪk"
404,"bring","bring","word"," bɹˈɪŋ"
405,"build","build","word"," bˈɪld"
406,"bump","bump","word"," bˈʌmp"
407,"buy","buy","word"," bˈaɪ"
408,"carry","carry","word"," kˈæɹi"
409,"catch","catch","word"," kˈætʃ"
410,"chase","chase","word"," tʃˈeɪs"
411,"clap","clap","word"," klˈæp"
412,"clean","clean (action)","word"," klˈiːn"
413,"climb","climb","word"," klˈaɪm"
414,"close","close","word"," klˈoʊs"
415,"cook","cook","word"," kˈʊk"
416,"cover","cover (action)","word"," kˈʌvɚ"
417,"cry","cry","word"," kɹˈaɪ"
418,"cut","cut","word"," kˈʌt"
419,"dance","dance","word"," dˈæns"
420,"draw","draw","word"," dɹˈɔː"
421,"drink","drink (action)","word"," dɹˈɪŋk"
422,"drive","drive","word"," dɹˈaɪv"
423,"drop","drop","word"," dɹˈɑːp"
424,"dry","dry (action)","word"," dɹˈaɪ"
425,"dump","dump","word"," dˈʌmp"
426,"eat","eat","word"," ˈiːt"
427,"fall","fall","word"," fˈɔːl"
428,"feed","feed","word"," fˈiːd"
429,"find","find","word"," fˈaɪnd"
430,"finish","finish","word"," fˈɪnɪʃ"
431,"fit","fit","word"," fˈɪt"
432,"fix","fix","word"," fˈɪks"
433,"get","get","word"," ɡˈɛt"
434,"give","give","word"," ɡˈɪv"
435,"go","go","word"," ɡˈoʊ"
436,"hate","hate","word"," hˈeɪt"
437,"have","have","word"," hˈæv"
438,"hear","hear","word"," hˈɪɹ"
439,"help","help","word"," hˈɛlp"
440,"hide","hide","word"," hˈaɪd"
441,"hit","hit","word"," hˈɪt"
442,"hold","hold","word"," hˈoʊld"
443,"hug","hug","word"," hˈʌɡ"
444,"hurry","hurry","word"," hˈɜːɹi"
445,"jump","jump","word"," dʒˈʌmp"
446,"kick","kick","word"," kˈɪk"
447,"kiss","kiss","word"," kˈɪs"
448,"knock","knock","word"," nˈɑːk"
449,"lick","lick","word"," lˈɪk"
450,"like","like","word"," lˈaɪk"
451,"listen","listen","word"," lˈɪsən"
452,"look","look","word"," lˈʊk"
453,"love","love","word"," lˈʌv"
454,"make","make","word"," mˈeɪk"
455,"open","open (action)","word"," ˈoʊpən"
456,"paint","paint (action)","word"," pˈeɪnt"
457,"pick","pick","word"," pˈɪk"
458,"play","play","word"," plˈeɪ"
459,"pour","pour","word"," pˈoːɹ"
460,"pretend","pretend","word"," pɹɪtˈɛnd"
461,"pull","pull","word"," pˈʊl"
462,"push","push","word"," pˈʊʃ"
463,"put","put","word"," pˈʊt"
464,"read","read","word"," ɹˈiːd"
465,"ride","ride","word"," ɹˈaɪd"
466,"rip","rip","word"," ɹˈɪp"
467,"run","run","word"," ɹˈʌn"
468,"say","say","word"," sˈeɪ"
469,"see","see","word"," sˈiː"
470,"shake","shake","word"," ʃˈeɪk"
471,"share","share","word"," ʃˈɛɹ"
472,"show","show","word"," ʃˈoʊ"
473,"sing","sing","word"," sˈɪŋ"
474,"sit","sit","word"," sˈɪt"
475,"skate","skate","word"," skˈeɪt"
476,"sleep","sleep","word"," slˈiːp"
477,"slide","slide (action)","word"," slˈaɪd"
478,"smile","smile","word"," smˈaɪl"
479,"spill","spill","word"," spˈɪl"
480,"splash","splash","word"," splˈæʃ"
481,"stand","stand","word"," stˈænd"
482,"stay","stay","word"," stˈeɪ"
483,"stop","stop","word"," stˈɑːp"
484,"sweep","sweep","word"," swˈiːp"
485,"swim","swim","word"," swˈɪm"
486,"swing","swing (action)","word"," swˈɪŋ"
487,"take","take","word"," tˈeɪk"
488,"talk","talk","word"," tˈɔːk"
489,"taste","taste","word"," tˈeɪst"
490,"tear","tear","word"," tˈɪɹ"
491,"think","think","word"," θˈɪŋk"
492,"throw","throw","word"," θɹˈoʊ"
493,"tickle","tickle","word"," tˈɪkəL"
494,"touch","touch","word"," tˈʌtʃ"
495,"wait","wait","word"," wˈeɪt"
496,"wake","wake","word"," wˈeɪk"
497,"walk","walk","word"," wˈɔːk"
498,"wash","wash","word"," wˈɑːʃ"
499,"watch","watch (action)","word"," wˈɑːtʃ"
500,"wipe","wipe","word"," wˈaɪp"
501,"wish","wish","word"," wˈɪʃ"
502,"work","work (action)","word"," wˈɜːk"
503,"write","write","word"," ɹˈaɪt"
504,"all gone","all gone","word"," ˈɔːl ɡˈɔn"
505,"asleep","asleep","word"," ɐslˈiːp"
506,"awake","awake","word"," ɐwˈeɪk"
507,"bad","bad","word"," bˈæd"
508,"better","better","word"," bˈɛɾɚ"
509,"big","big","word"," bˈɪɡ"
510,"black","black","word"," blˈæk"
511,"blue","blue","word"," blˈuː"
512,"broken","broken","word"," bɹˈoʊkən"
513,"brown","brown","word"," bɹˈaʊn"
514,"careful","careful","word"," kˈɛɹfəL"
515,"clean","clean (description)","word"," klˈiːn"
516,"cold","cold","word"," kˈoʊld"
517,"cute","cute","word"," kjˈuːt"
518,"dark","dark","word"," dˈɑːɹk"
519,"dirty","dirty","word"," dˈɜːɾi"
520,"dry","dry (description)","word"," dɹˈaɪ"
521,"empty","empty","word"," ˈɛmpti"
522,"fast","fast","word"," fˈæst"
523,"fine","fine","word"," fˈaɪn"
524,"first","first","word"," fˈɜːst"
525,"full","full","word"," fˈʊl"
526,"gentle","gentle","word"," dʒˈɛnɾəL"
527,"good","good","word"," ɡˈʊd"
528,"green","green","word"," ɡɹˈiːn"
529,"happy","happy","word"," hˈæpi"
530,"hard","hard","word"," hˈɑːɹd"
531,"heavy","heavy","word"," hˈɛvi"
532,"high","high","word"," hˈaɪ"
533,"hot","hot","word"," hˈɑːt"
534,"hungry","hungry","word"," hˈʌŋɡɹi"
535,"hurt","hurt (description)","word"," hˈɜːt"
536,"last","last","word"," lˈæst"
537,"little","little (description)","word"," lˈɪɾəL"
538,"long","long","word"," lˈɑːŋ"
539,"loud","loud","word"," lˈaʊd"
540,"mad","mad","word"," mˈæd"
541,"naughty","naughty","word"," nˈɔːɾi"
542,"new","new","word"," nˈuː"
543,"nice","nice","word"," nˈaɪs"
544,"noisy","noisy","word"," nˈɔɪsi"
545,"old","old","word"," ˈoʊld"
546,"orange","orange (description)","word"," ˈɔːɹɪndʒ"
547,"poor","poor","word"," pˈʊɹ"
548,"pretty","pretty","word"," pɹˈɪɾi"
549,"quiet","quiet","word"," kwˈaɪəɹt"
550,"red","red","word"," ɹˈɛd"
551,"sad","sad","word"," sˈæd"
552,"scared","scared","word"," skˈɛɹd"
553,"sick","sick","word"," sˈɪk"
554,"sleepy","sleepy","word"," slˈiːpi"
555,"slow","slow","word"," slˈoʊ"
556,"soft","soft","word"," sˈɔft"
557,"sticky","sticky","word"," stˈɪki"
558,"stuck","stuck","word"," stˈʌk"
559,"thirsty","thirsty","word"," θˈɜːsti"
560,"tiny","tiny","word"," tˈaɪni"
561,"tired","tired","word"," tˈaɪəɹd"
562,"wet","wet (description)","word"," wˈɛt"
563,"white","white","word"," wˈaɪt"
564,"windy","windy","word"," wˈɪndi"
565,"yellow","yellow","word"," jˈɛloʊ"
566,"yucky","yucky","word"," jˈuːki"
567,"after","after","word"," ˈæftɚ"
568,"before","before","word"," bɪfˈoːɹ"
569,"day","day","word"," dˈeɪ"
570,"later","later","word"," lˈeɪɾɚ"
571,"morning","morning","word"," mˈɔːɹnɪŋ"
572,"night","night","word"," nˈaɪt"
573,"now","now","word"," nˈaʊ"
574,"time","time","word"," tˈaɪm"
575,"today","today","word"," tədˈeɪ"
576,"tomorrow","tomorrow","word"," təmˈɔːɹoʊ"
577,"tonight","tonight","word"," tənˈaɪt"
578,"yesterday","yesterday","word"," jˈɛstɚdˌeɪ"
579,"he","he","word"," hˈiː"
580,"her","her","word"," hˈɜː"
581,"hers","hers","word"," hˈɜːz"
582,"him","him","word"," hˈɪm"
583,"his","his","word"," hˈɪz"
584,"I","i","word"," ˈaɪ"
585,"it","it","word"," ˈɪt"
586,"me","me","word"," mˈiː"
587,"mine","mine","word"," mˈaɪn"
588,"my","my","word"," mˈaɪ"
589,"myself","myself","word"," maɪsˈɛlf"
590,"our","our","word"," ˈaʊɚ"
591,"she","she","word"," ʃˈiː"
592,"that","that","word"," ðˈæt"
593,"their","their","word"," ðˈɛɹ"
594,"them","them","word"," ðˈɛm"
595,"these","these","word"," ðˈiːz"
596,"they","they","word"," ðˈeɪ"
597,"this","this","word"," ðˈɪs"
598,"those","those","word"," ðˈoʊz"
599,"us","us","word"," ˈʌz"
600,"we","we","word"," wˈiː"
601,"you","you","word"," jˈuː"
602,"your","your","word"," jˈʊɹ"
603,"yourself","yourself","word"," joːɹsˈɛlf"
604,"how","how","word"," hˈaʊ"
605,"what","what","word"," wˈʌt"
606,"when","when (question)","word"," wˈɛn"
607,"where","where (question)","word"," wˈɛɹ"
608,"which","which (question)","word"," wˈɪtʃ"
609,"who","who","word"," hˈuː"
610,"why","why","word"," wˈaɪ"
611,"about","about","word"," ɐbˈaʊt"
612,"above","above","word"," əbˈʌv"
613,"around","around","word"," ɐɹˈaʊnd"
614,"at","at","word"," ˈæt"
615,"away","away","word"," ɐwˈeɪ"
616,"back","back (location)","word"," bˈæk"
617,"behind","behind","word"," bɪhˈaɪnd"
618,"beside","beside","word"," bɪsˈaɪd"
619,"by","by","word"," bˈaɪ"
620,"down","down","word"," dˈaʊn"
621,"for","for","word"," fˈɔːɹ"
622,"here","here","word"," hˈɪɹ"
623,"inside","in","word"," ɪnsˈaɪd"
624,"into","into","word"," ˈɪntʊ"
625,"next to","next to","word"," nˈɛkst tuː"
626,"of","of","word"," ˈʌv"
627,"off","off","word"," ˈɔf"
628,"on","on","word"," ˈɑːn"
629,"on top of","on top of","word"," ˌɑːn tˈɑːp ʌv"
630,"out","out","word"," ˈaʊt"
631,"over","over","word"," ˈoʊvɚ"
632,"there","there","word"," ðˈɛɹ"
633,"to","to","word"," tˈuː"
634,"under","under","word"," ˈʌndɚ"
635,"up","up","word"," ˈʌp"
636,"with","with","word"," wˈɪð"
637,"a","a","word"," ˈeɪ"
638,"all","all","word"," ˈɔːl"
639,"a lot","a lot","word"," ɐ lˈɑːt"
640,"an","a","word"," ˈɐn"
641,"another","another","word"," ɐnˈʌðɚ"
642,"any","any","word"," ˈɛni"
643,"each","each","word"," ˈiːtʃ"
644,"every","every","word"," ˈɛvɹi"
645,"more","more","word"," mˈoːɹ"
646,"much","much","word"," mˈʌtʃ"
647,"none","none","word"," nˈʌn"
648,"not","not","word"," nˈɑːt"
649,"other","other","word"," ˈʌðɚ"
650,"same","same","word"," sˈeɪm"
651,"some","some","word"," sˈʌm"
652,"the","the","word"," ðˈə"
653,"too","too","word"," tˈuː"
654,"am","am","word"," ˈæm"
655,"are","are","word"," ˈɑːɹ"
656,"be","be","word"," bˈiː"
657,"can","can (auxiliary)","word"," kˈæn"
658,"could","could","word"," kˈʊd"
659,"did","did","word"," dˈɪd"
660,"do","do","word"," dˈuː"
661,"does","does","word"," dˈʌz"
662,"don't","don't","word"," dˈoʊnt"
663,"gonna","gonna","word"," ɡˈɑːnə"
664,"gotta","gotta","word"," ɡˈɑːɾə"
665,"hafta","hafta","word"," hˈæftə"
666,"is","is","word"," ˈɪz"
667,"lemme","lemme","word"," lˈɛmi"
668,"need","need","word"," nˈiːd"
669,"try","try","word"," tɹˈaɪ"
670,"wanna","wanna","word"," wˈɑːnə"
671,"was","was","word"," wˈʌz"
672,"were","were","word"," wˈɜː"
673,"will","will","word"," wˈɪl"
674,"would","would","word"," wˈʊd"
675,"and","and","word"," ˈænd"
676,"because","because","word"," bɪkˈʌz"
677,"but","but","word"," bˈʌt"
678,"if","if","word"," ˈɪf"
679,"so","so","word"," sˈoʊ"
680,"then","then","word"," ðˈɛn"
