"month","item","definition","uni_lemma","learned","value2","value"
16,14,"animal","animal",0,284,"284"
16,16,"bear","bear",0,522,"522"
16,18,"bird","bird",0,730,"730"
16,19,"bug","bug",0,138,"138"
16,20,"bunny","bunny",0,588,"588"
16,21,"butterfly","butterfly",0,100,"100"
16,22,"cat","cat",0,1026,"1026"
16,23,"chicken","chicken",0,590,"590"
16,24,"cow","cow",0,663,"663"
16,26,"dog","dog",1,1529,"1529"
16,27,"donkey","donkey",0,151,"151"
16,28,"duck","duck",0,609,"609"
16,29,"elephant","elephant",0,372,"372"
16,30,"fish","fish",0,817,"817"
16,31,"frog","frog",0,268,"268"
16,32,"giraffe","giraffe",0,126,"126"
16,35,"horse","horse",0,938,"938"
16,37,"lamb","lamb",0,140,"140"
16,38,"lion","lion",0,404,"404"
16,39,"monkey","monkey",0,380,"380"
16,41,"mouse","mouse",0,440,"440"
16,44,"pig","pig",0,405,"405"
16,46,"puppy","puppy",0,124,"124"
16,48,"sheep","sheep",0,192,"192"
16,51,"tiger","tiger",0,1049,"1049"
16,52,"turkey","turkey",0,113,"113"
16,53,"turtle","turtle",0,243,"243"
16,54,"wolf","wolf",0,107,"107"
16,56,"airplane","airplane",0,382,"382"
16,58,"boat","boat",0,490,"490"
16,59,"bus","bus",0,496,"496"
16,60,"car","car",0,2309,"2309"
16,66,"tractor","tractor",0,324,"324"
16,67,"train","train",0,904,"904"
16,69,"truck","truck",0,909,"909"
16,70,"ball","ball",1,1124,"1124"
16,71,"balloon","balloon",0,307,"307"
16,73,"block","block",0,272,"272"
16,74,"book","book",1,2259,"2259"
16,78,"doll","doll",0,329,"329"
16,81,"pen","pen",0,370,"370"
16,84,"present","present",0,218,"218"
16,87,"toy","toy",0,524,"524"
16,88,"apple","apple",0,433,"433"
16,90,"banana","banana",1,152,"152"
16,91,"beans","beans",0,159,"159"
16,92,"bread","bread",0,391,"391"
16,93,"butter","butter",0,430,"430"
16,94,"cake","cake",0,724,"724"
16,95,"candy","candy",0,250,"250"
16,96,"carrots","carrots",0,112,"112"
16,97,"cereal","cereal",0,179,"179"
16,99,"cheese","cheese",0,497,"497"
16,100,"chicken","chicken",0,590,"590"
16,101,"chocolate","chocolate",0,357,"357"
16,102,"coffee","coffee",0,559,"559"
16,104,"cookie","cookie",0,390,"390"
16,106,"cracker","cracker",0,147,"147"
16,108,"drink","drink",0,1017,"1017"
16,109,"egg","egg",0,375,"375"
16,110,"fish","fish",0,817,"817"
16,111,"food","food",0,613,"613"
16,121,"juice","juice",0,1082,"1082"
16,123,"meat","meat",0,316,"316"
16,125,"milk","milk",0,1366,"1366"
16,129,"orange","orange",0,609,"609"
16,138,"potato","potato",0,155,"155"
16,144,"sandwich","sandwich",0,284,"284"
16,147,"soup","soup",0,234,"234"
16,150,"toast","toast",0,222,"222"
16,154,"water","water",0,1482,"1482"
16,159,"boots","boots",0,216,"216"
16,160,"button","button",0,332,"332"
16,161,"coat","coat",0,484,"484"
16,162,"diaper","diaper",0,162,"162"
16,163,"dress","dress",0,338,"338"
16,165,"hat","hat",0,967,"967"
16,166,"jacket","jacket",0,180,"180"
16,170,"pajamas","pajamas",0,114,"114"
16,171,"pants","pants",0,401,"401"
16,173,"shirt","shirt",0,523,"523"
16,174,"shoe","shoe",1,345,"345"
16,180,"sweater","sweater",0,126,"126"
16,185,"arm","arm",0,268,"268"
16,190,"ear","ear",0,225,"225"
16,191,"eye","eye",0,296,"296"
16,192,"face","face",0,683,"683"
16,193,"finger","finger",0,503,"503"
16,194,"foot","foot",0,547,"547"
16,195,"hair","hair",0,1305,"1305"
16,196,"hand","hand",0,1291,"1291"
16,197,"head","head",0,1282,"1282"
16,198,"knee","knee",0,172,"172"
16,199,"leg","leg",0,276,"276"
16,201,"mouth","mouth",0,1081,"1081"
16,202,"nose","nose",0,897,"897"
16,206,"toe","toe",0,101,"101"
16,207,"tongue","tongue",0,208,"208"
16,212,"blanket","blanket",0,140,"140"
16,213,"bottle","bottle",0,385,"385"
16,214,"bowl","bowl",0,236,"236"
16,215,"box","box",0,1342,"1342"
16,216,"broom","broom",0,117,"117"
16,217,"brush","brush",0,371,"371"
16,218,"bucket","bucket",0,119,"119"
16,219,"camera","camera",0,107,"107"
16,220,"can","can",0,15040,"15040"
16,221,"clock","clock",0,251,"251"
16,222,"comb","comb",0,159,"159"
16,223,"cup","cup",0,851,"851"
16,225,"fork","fork",0,161,"161"
16,227,"glass","glass",0,292,"292"
16,228,"glasses","glasses",0,177,"177"
16,229,"hammer","hammer",0,127,"127"
16,231,"keys","keys",0,160,"160"
16,232,"knife","knife",0,140,"140"
16,234,"light","light",0,569,"569"
16,235,"medicine","medicine",0,128,"128"
16,236,"money","money",0,628,"628"
16,240,"paper","paper",0,1065,"1065"
16,241,"penny","penny",0,129,"129"
16,242,"picture","picture",0,881,"881"
16,243,"pillow","pillow",0,120,"120"
16,244,"plant","plant",0,118,"118"
16,245,"plate","plate",0,348,"348"
16,247,"radio","radio",0,145,"145"
16,248,"scissors","scissors",0,192,"192"
16,249,"soap","soap",0,119,"119"
16,250,"spoon","spoon",0,381,"381"
16,252,"telephone","telephone",0,297,"297"
16,253,"tissue","tissue",0,104,"104"
16,255,"towel","towel",0,138,"138"
16,260,"watch","watch",0,1658,"1658"
16,262,"bathroom","bathroom",0,340,"340"
16,263,"bathtub","bathtub",0,132,"132"
16,264,"bed","bed",0,1767,"1767"
16,265,"bedroom","bedroom",0,244,"244"
16,267,"chair","chair",0,1309,"1309"
16,268,"closet","closet",0,114,"114"
16,269,"couch","couch",0,141,"141"
16,271,"door","door",0,1349,"1349"
16,272,"drawer","drawer",0,112,"112"
16,274,"garage","garage",0,174,"174"
16,276,"kitchen","kitchen",0,480,"480"
16,278,"oven","oven",0,119,"119"
16,283,"refrigerator","refrigerator",0,167,"167"
16,284,"room","room",0,1490,"1490"
16,286,"sink","sink",0,156,"156"
16,288,"stairs","stairs",0,228,"228"
16,289,"stove","stove",0,118,"118"
16,290,"table","table",0,1407,"1407"
16,292,"window","window",0,518,"518"
16,297,"flower","flower",0,184,"184"
16,298,"garden","garden",0,208,"208"
16,299,"grass","grass",0,224,"224"
16,301,"ladder","ladder",0,143,"143"
16,303,"moon","moon",0,167,"167"
16,304,"pool","pool",0,149,"149"
16,305,"rain","rain",0,184,"184"
16,306,"rock","rock",0,156,"156"
16,307,"roof","roof",0,163,"163"
16,311,"sky","sky",0,172,"172"
16,312,"slide","slide",0,366,"366"
16,313,"snow","snow",0,421,"421"
16,316,"star","star",0,175,"175"
16,317,"stick","stick",0,493,"493"
16,319,"street","street",0,451,"451"
16,320,"sun","sun",0,269,"269"
16,322,"tree","tree",0,870,"870"
16,323,"water","water",0,1482,"1482"
16,324,"wind","wind",0,257,"257"
17,14,"animal","animal",0,284,"284"
17,16,"bear","bear",0,522,"522"
17,18,"bird","bird",0,730,"730"
17,19,"bug","bug",0,138,"138"
17,20,"bunny","bunny",0,588,"588"
17,21,"butterfly","butterfly",0,100,"100"
17,22,"cat","cat",0,1026,"1026"
17,23,"chicken","chicken",0,590,"590"
17,24,"cow","cow",0,663,"663"
17,27,"donkey","donkey",0,151,"151"
17,28,"duck","duck",1,609,"609"
17,29,"elephant","elephant",0,372,"372"
17,30,"fish","fish",0,817,"817"
17,31,"frog","frog",0,268,"268"
17,32,"giraffe","giraffe",0,126,"126"
17,35,"horse","horse",0,938,"938"
17,37,"lamb","lamb",0,140,"140"
17,38,"lion","lion",0,404,"404"
17,39,"monkey","monkey",0,380,"380"
17,41,"mouse","mouse",0,440,"440"
17,44,"pig","pig",0,405,"405"
17,46,"puppy","puppy",0,124,"124"
17,48,"sheep","sheep",0,192,"192"
17,51,"tiger","tiger",0,1049,"1049"
17,52,"turkey","turkey",0,113,"113"
17,53,"turtle","turtle",0,243,"243"
17,54,"wolf","wolf",0,107,"107"
17,56,"airplane","airplane",0,382,"382"
17,58,"boat","boat",0,490,"490"
17,59,"bus","bus",0,496,"496"
17,60,"car","car",0,2309,"2309"
17,66,"tractor","tractor",0,324,"324"
17,67,"train","train",0,904,"904"
17,69,"truck","truck",0,909,"909"
17,71,"balloon","balloon",0,307,"307"
17,73,"block","block",0,272,"272"
17,78,"doll","doll",0,329,"329"
17,81,"pen","pen",0,370,"370"
17,84,"present","present",0,218,"218"
17,87,"toy","toy",0,524,"524"
17,88,"apple","apple",0,433,"433"
17,91,"beans","beans",0,159,"159"
17,92,"bread","bread",0,391,"391"
17,93,"butter","butter",0,430,"430"
17,94,"cake","cake",0,724,"724"
17,95,"candy","candy",0,250,"250"
17,96,"carrots","carrots",0,112,"112"
17,97,"cereal","cereal",0,179,"179"
17,99,"cheese","cheese",0,497,"497"
17,100,"chicken","chicken",0,590,"590"
17,101,"chocolate","chocolate",0,357,"357"
17,102,"coffee","coffee",0,559,"559"
17,104,"cookie","cookie",0,390,"390"
17,106,"cracker","cracker",0,147,"147"
17,108,"drink","drink",0,1017,"1017"
17,109,"egg","egg",0,375,"375"
17,110,"fish","fish",0,817,"817"
17,111,"food","food",0,613,"613"
17,121,"juice","juice",0,1082,"1082"
17,123,"meat","meat",0,316,"316"
17,125,"milk","milk",0,1366,"1366"
17,129,"orange","orange",0,609,"609"
17,138,"potato","potato",0,155,"155"
17,144,"sandwich","sandwich",0,284,"284"
17,147,"soup","soup",0,234,"234"
17,150,"toast","toast",0,222,"222"
17,154,"water","water",0,1482,"1482"
17,159,"boots","boots",0,216,"216"
17,160,"button","button",0,332,"332"
17,161,"coat","coat",0,484,"484"
17,162,"diaper","diaper",0,162,"162"
17,163,"dress","dress",0,338,"338"
17,165,"hat","hat",0,967,"967"
17,166,"jacket","jacket",0,180,"180"
17,170,"pajamas","pajamas",0,114,"114"
17,171,"pants","pants",0,401,"401"
17,173,"shirt","shirt",0,523,"523"
17,180,"sweater","sweater",0,126,"126"
17,185,"arm","arm",0,268,"268"
17,190,"ear","ear",0,225,"225"
17,191,"eye","eye",0,296,"296"
17,192,"face","face",0,683,"683"
17,193,"finger","finger",0,503,"503"
17,194,"foot","foot",0,547,"547"
17,195,"hair","hair",0,1305,"1305"
17,196,"hand","hand",0,1291,"1291"
17,197,"head","head",0,1282,"1282"
17,198,"knee","knee",0,172,"172"
17,199,"leg","leg",0,276,"276"
17,201,"mouth","mouth",0,1081,"1081"
17,202,"nose","nose",0,897,"897"
17,206,"toe","toe",0,101,"101"
17,207,"tongue","tongue",0,208,"208"
17,212,"blanket","blanket",0,140,"140"
17,213,"bottle","bottle",0,385,"385"
17,214,"bowl","bowl",0,236,"236"
17,215,"box","box",0,1342,"1342"
17,216,"broom","broom",0,117,"117"
17,217,"brush","brush",0,371,"371"
17,218,"bucket","bucket",0,119,"119"
17,219,"camera","camera",0,107,"107"
17,220,"can","can",0,15040,"15040"
17,221,"clock","clock",0,251,"251"
17,222,"comb","comb",0,159,"159"
17,223,"cup","cup",0,851,"851"
17,225,"fork","fork",0,161,"161"
17,227,"glass","glass",0,292,"292"
17,228,"glasses","glasses",0,177,"177"
17,229,"hammer","hammer",0,127,"127"
17,231,"keys","keys",0,160,"160"
17,232,"knife","knife",0,140,"140"
17,234,"light","light",0,569,"569"
17,235,"medicine","medicine",0,128,"128"
17,236,"money","money",0,628,"628"
17,240,"paper","paper",0,1065,"1065"
17,241,"penny","penny",0,129,"129"
17,242,"picture","picture",0,881,"881"
17,243,"pillow","pillow",0,120,"120"
17,244,"plant","plant",0,118,"118"
17,245,"plate","plate",0,348,"348"
17,247,"radio","radio",0,145,"145"
17,248,"scissors","scissors",0,192,"192"
17,249,"soap","soap",0,119,"119"
17,250,"spoon","spoon",0,381,"381"
17,252,"telephone","telephone",0,297,"297"
17,253,"tissue","tissue",0,104,"104"
17,255,"towel","towel",0,138,"138"
17,260,"watch","watch",0,1658,"1658"
17,262,"bathroom","bathroom",0,340,"340"
17,263,"bathtub","bathtub",0,132,"132"
17,264,"bed","bed",0,1767,"1767"
17,265,"bedroom","bedroom",0,244,"244"
17,267,"chair","chair",0,1309,"1309"
17,268,"closet","closet",0,114,"114"
17,269,"couch","couch",0,141,"141"
17,271,"door","door",0,1349,"1349"
17,272,"drawer","drawer",0,112,"112"
17,274,"garage","garage",0,174,"174"
17,276,"kitchen","kitchen",0,480,"480"
17,278,"oven","oven",0,119,"119"
17,283,"refrigerator","refrigerator",0,167,"167"
17,284,"room","room",0,1490,"1490"
17,286,"sink","sink",0,156,"156"
17,288,"stairs","stairs",0,228,"228"
17,289,"stove","stove",0,118,"118"
17,290,"table","table",0,1407,"1407"
17,292,"window","window",0,518,"518"
17,297,"flower","flower",0,184,"184"
17,298,"garden","garden",0,208,"208"
17,299,"grass","grass",0,224,"224"
17,301,"ladder","ladder",0,143,"143"
17,303,"moon","moon",0,167,"167"
17,304,"pool","pool",0,149,"149"
17,305,"rain","rain",0,184,"184"
17,306,"rock","rock",0,156,"156"
17,307,"roof","roof",0,163,"163"
17,311,"sky","sky",0,172,"172"
17,312,"slide","slide",0,366,"366"
17,313,"snow","snow",0,421,"421"
17,316,"star","star",0,175,"175"
17,317,"stick","stick",0,493,"493"
17,319,"street","street",0,451,"451"
17,320,"sun","sun",0,269,"269"
17,322,"tree","tree",0,870,"870"
17,323,"water","water",0,1482,"1482"
17,324,"wind","wind",0,257,"257"
18,14,"animal","animal",0,284,"284"
18,16,"bear","bear",1,522,"522"
18,18,"bird","bird",1,730,"730"
18,19,"bug","bug",0,138,"138"
18,20,"bunny","bunny",0,588,"588"
18,21,"butterfly","butterfly",0,100,"100"
18,22,"cat","cat",1,1026,"1026"
18,23,"chicken","chicken",0,590,"590"
18,24,"cow","cow",0,663,"663"
18,27,"donkey","donkey",0,151,"151"
18,29,"elephant","elephant",0,372,"372"
18,30,"fish","fish",1,817,"817"
18,31,"frog","frog",0,268,"268"
18,32,"giraffe","giraffe",0,126,"126"
18,35,"horse","horse",0,938,"938"
18,37,"lamb","lamb",0,140,"140"
18,38,"lion","lion",0,404,"404"
18,39,"monkey","monkey",0,380,"380"
18,41,"mouse","mouse",0,440,"440"
18,44,"pig","pig",0,405,"405"
18,46,"puppy","puppy",0,124,"124"
18,48,"sheep","sheep",0,192,"192"
18,51,"tiger","tiger",0,1049,"1049"
18,52,"turkey","turkey",0,113,"113"
18,53,"turtle","turtle",0,243,"243"
18,54,"wolf","wolf",0,107,"107"
18,56,"airplane","airplane",0,382,"382"
18,58,"boat","boat",0,490,"490"
18,59,"bus","bus",0,496,"496"
18,60,"car","car",1,2309,"2309"
18,66,"tractor","tractor",0,324,"324"
18,67,"train","train",0,904,"904"
18,69,"truck","truck",1,909,"909"
18,71,"balloon","balloon",1,307,"307"
18,73,"block","block",0,272,"272"
18,78,"doll","doll",0,329,"329"
18,81,"pen","pen",0,370,"370"
18,84,"present","present",0,218,"218"
18,87,"toy","toy",0,524,"524"
18,88,"apple","apple",1,433,"433"
18,91,"beans","beans",0,159,"159"
18,92,"bread","bread",0,391,"391"
18,93,"butter","butter",0,430,"430"
18,94,"cake","cake",0,724,"724"
18,95,"candy","candy",0,250,"250"
18,96,"carrots","carrots",0,112,"112"
18,97,"cereal","cereal",0,179,"179"
18,99,"cheese","cheese",1,497,"497"
18,100,"chicken","chicken",0,590,"590"
18,101,"chocolate","chocolate",0,357,"357"
18,102,"coffee","coffee",0,559,"559"
18,104,"cookie","cookie",1,390,"390"
18,106,"cracker","cracker",0,147,"147"
18,108,"drink","drink",0,1017,"1017"
18,109,"egg","egg",0,375,"375"
18,110,"fish","fish",0,817,"817"
18,111,"food","food",0,613,"613"
18,121,"juice","juice",1,1082,"1082"
18,123,"meat","meat",0,316,"316"
18,125,"milk","milk",1,1366,"1366"
18,129,"orange","orange",0,609,"609"
18,138,"potato","potato",0,155,"155"
18,144,"sandwich","sandwich",0,284,"284"
18,147,"soup","soup",0,234,"234"
18,150,"toast","toast",0,222,"222"
18,154,"water","water",0,1482,"1482"
18,159,"boots","boots",0,216,"216"
18,160,"button","button",0,332,"332"
18,161,"coat","coat",0,484,"484"
18,162,"diaper","diaper",0,162,"162"
18,163,"dress","dress",0,338,"338"
18,165,"hat","hat",1,967,"967"
18,166,"jacket","jacket",0,180,"180"
18,170,"pajamas","pajamas",0,114,"114"
18,171,"pants","pants",0,401,"401"
18,173,"shirt","shirt",0,523,"523"
18,180,"sweater","sweater",0,126,"126"
18,185,"arm","arm",0,268,"268"
18,190,"ear","ear",1,225,"225"
18,191,"eye","eye",1,296,"296"
18,192,"face","face",0,683,"683"
18,193,"finger","finger",0,503,"503"
18,194,"foot","foot",0,547,"547"
18,195,"hair","hair",0,1305,"1305"
18,196,"hand","hand",0,1291,"1291"
18,197,"head","head",0,1282,"1282"
18,198,"knee","knee",0,172,"172"
18,199,"leg","leg",0,276,"276"
18,201,"mouth","mouth",0,1081,"1081"
18,202,"nose","nose",1,897,"897"
18,206,"toe","toe",0,101,"101"
18,207,"tongue","tongue",0,208,"208"
18,212,"blanket","blanket",0,140,"140"
18,213,"bottle","bottle",0,385,"385"
18,214,"bowl","bowl",0,236,"236"
18,215,"box","box",0,1342,"1342"
18,216,"broom","broom",0,117,"117"
18,217,"brush","brush",0,371,"371"
18,218,"bucket","bucket",0,119,"119"
18,219,"camera","camera",0,107,"107"
18,220,"can","can",0,15040,"15040"
18,221,"clock","clock",0,251,"251"
18,222,"comb","comb",0,159,"159"
18,223,"cup","cup",0,851,"851"
18,225,"fork","fork",0,161,"161"
18,227,"glass","glass",0,292,"292"
18,228,"glasses","glasses",0,177,"177"
18,229,"hammer","hammer",0,127,"127"
18,231,"keys","keys",0,160,"160"
18,232,"knife","knife",0,140,"140"
18,234,"light","light",0,569,"569"
18,235,"medicine","medicine",0,128,"128"
18,236,"money","money",0,628,"628"
18,240,"paper","paper",0,1065,"1065"
18,241,"penny","penny",0,129,"129"
18,242,"picture","picture",0,881,"881"
18,243,"pillow","pillow",0,120,"120"
18,244,"plant","plant",0,118,"118"
18,245,"plate","plate",0,348,"348"
18,247,"radio","radio",0,145,"145"
18,248,"scissors","scissors",0,192,"192"
18,249,"soap","soap",0,119,"119"
18,250,"spoon","spoon",0,381,"381"
18,252,"telephone","telephone",0,297,"297"
18,253,"tissue","tissue",0,104,"104"
18,255,"towel","towel",0,138,"138"
18,260,"watch","watch",0,1658,"1658"
18,262,"bathroom","bathroom",0,340,"340"
18,263,"bathtub","bathtub",0,132,"132"
18,264,"bed","bed",0,1767,"1767"
18,265,"bedroom","bedroom",0,244,"244"
18,267,"chair","chair",0,1309,"1309"
18,268,"closet","closet",0,114,"114"
18,269,"couch","couch",0,141,"141"
18,271,"door","door",0,1349,"1349"
18,272,"drawer","drawer",0,112,"112"
18,274,"garage","garage",0,174,"174"
18,276,"kitchen","kitchen",0,480,"480"
18,278,"oven","oven",0,119,"119"
18,283,"refrigerator","refrigerator",0,167,"167"
18,284,"room","room",0,1490,"1490"
18,286,"sink","sink",0,156,"156"
18,288,"stairs","stairs",0,228,"228"
18,289,"stove","stove",0,118,"118"
18,290,"table","table",0,1407,"1407"
18,292,"window","window",0,518,"518"
18,297,"flower","flower",0,184,"184"
18,298,"garden","garden",0,208,"208"
18,299,"grass","grass",0,224,"224"
18,301,"ladder","ladder",0,143,"143"
18,303,"moon","moon",0,167,"167"
18,304,"pool","pool",0,149,"149"
18,305,"rain","rain",0,184,"184"
18,306,"rock","rock",0,156,"156"
18,307,"roof","roof",0,163,"163"
18,311,"sky","sky",0,172,"172"
18,312,"slide","slide",0,366,"366"
18,313,"snow","snow",0,421,"421"
18,316,"star","star",0,175,"175"
18,317,"stick","stick",0,493,"493"
18,319,"street","street",0,451,"451"
18,320,"sun","sun",0,269,"269"
18,322,"tree","tree",0,870,"870"
18,323,"water","water",0,1482,"1482"
18,324,"wind","wind",0,257,"257"
19,14,"animal","animal",0,284,"284"
19,19,"bug","bug",0,138,"138"
19,20,"bunny","bunny",0,588,"588"
19,21,"butterfly","butterfly",0,100,"100"
19,23,"chicken","chicken",0,590,"590"
19,24,"cow","cow",1,663,"663"
19,27,"donkey","donkey",0,151,"151"
19,29,"elephant","elephant",0,372,"372"
19,31,"frog","frog",0,268,"268"
19,32,"giraffe","giraffe",0,126,"126"
19,35,"horse","horse",0,938,"938"
19,37,"lamb","lamb",0,140,"140"
19,38,"lion","lion",0,404,"404"
19,39,"monkey","monkey",0,380,"380"
19,41,"mouse","mouse",0,440,"440"
19,44,"pig","pig",0,405,"405"
19,46,"puppy","puppy",0,124,"124"
19,48,"sheep","sheep",0,192,"192"
19,51,"tiger","tiger",0,1049,"1049"
19,52,"turkey","turkey",0,113,"113"
19,53,"turtle","turtle",0,243,"243"
19,54,"wolf","wolf",0,107,"107"
19,56,"airplane","airplane",0,382,"382"
19,58,"boat","boat",0,490,"490"
19,59,"bus","bus",0,496,"496"
19,66,"tractor","tractor",0,324,"324"
19,67,"train","train",0,904,"904"
19,73,"block","block",0,272,"272"
19,78,"doll","doll",0,329,"329"
19,81,"pen","pen",0,370,"370"
19,84,"present","present",0,218,"218"
19,87,"toy","toy",0,524,"524"
19,91,"beans","beans",0,159,"159"
19,92,"bread","bread",0,391,"391"
19,93,"butter","butter",0,430,"430"
19,94,"cake","cake",0,724,"724"
19,95,"candy","candy",0,250,"250"
19,96,"carrots","carrots",0,112,"112"
19,97,"cereal","cereal",0,179,"179"
19,100,"chicken","chicken",0,590,"590"
19,101,"chocolate","chocolate",0,357,"357"
19,102,"coffee","coffee",0,559,"559"
19,106,"cracker","cracker",1,147,"147"
19,108,"drink","drink",0,1017,"1017"
19,109,"egg","egg",0,375,"375"
19,110,"fish","fish",0,817,"817"
19,111,"food","food",0,613,"613"
19,123,"meat","meat",0,316,"316"
19,129,"orange","orange",0,609,"609"
19,138,"potato","potato",0,155,"155"
19,144,"sandwich","sandwich",0,284,"284"
19,147,"soup","soup",0,234,"234"
19,150,"toast","toast",0,222,"222"
19,154,"water","water",1,1482,"1482"
19,159,"boots","boots",0,216,"216"
19,160,"button","button",0,332,"332"
19,161,"coat","coat",0,484,"484"
19,162,"diaper","diaper",1,162,"162"
19,163,"dress","dress",0,338,"338"
19,166,"jacket","jacket",0,180,"180"
19,170,"pajamas","pajamas",0,114,"114"
19,171,"pants","pants",0,401,"401"
19,173,"shirt","shirt",0,523,"523"
19,180,"sweater","sweater",0,126,"126"
19,185,"arm","arm",0,268,"268"
19,192,"face","face",0,683,"683"
19,193,"finger","finger",0,503,"503"
19,194,"foot","foot",0,547,"547"
19,195,"hair","hair",1,1305,"1305"
19,196,"hand","hand",0,1291,"1291"
19,197,"head","head",0,1282,"1282"
19,198,"knee","knee",0,172,"172"
19,199,"leg","leg",0,276,"276"
19,201,"mouth","mouth",1,1081,"1081"
19,206,"toe","toe",0,101,"101"
19,207,"tongue","tongue",0,208,"208"
19,212,"blanket","blanket",0,140,"140"
19,213,"bottle","bottle",1,385,"385"
19,214,"bowl","bowl",0,236,"236"
19,215,"box","box",0,1342,"1342"
19,216,"broom","broom",0,117,"117"
19,217,"brush","brush",0,371,"371"
19,218,"bucket","bucket",0,119,"119"
19,219,"camera","camera",0,107,"107"
19,220,"can","can",0,15040,"15040"
19,221,"clock","clock",0,251,"251"
19,222,"comb","comb",0,159,"159"
19,223,"cup","cup",1,851,"851"
19,225,"fork","fork",0,161,"161"
19,227,"glass","glass",0,292,"292"
19,228,"glasses","glasses",0,177,"177"
19,229,"hammer","hammer",0,127,"127"
19,231,"keys","keys",0,160,"160"
19,232,"knife","knife",0,140,"140"
19,234,"light","light",0,569,"569"
19,235,"medicine","medicine",0,128,"128"
19,236,"money","money",0,628,"628"
19,240,"paper","paper",0,1065,"1065"
19,241,"penny","penny",0,129,"129"
19,242,"picture","picture",0,881,"881"
19,243,"pillow","pillow",0,120,"120"
19,244,"plant","plant",0,118,"118"
19,245,"plate","plate",0,348,"348"
19,247,"radio","radio",0,145,"145"
19,248,"scissors","scissors",0,192,"192"
19,249,"soap","soap",0,119,"119"
19,250,"spoon","spoon",1,381,"381"
19,252,"telephone","telephone",0,297,"297"
19,253,"tissue","tissue",0,104,"104"
19,255,"towel","towel",0,138,"138"
19,260,"watch","watch",0,1658,"1658"
19,262,"bathroom","bathroom",0,340,"340"
19,263,"bathtub","bathtub",0,132,"132"
19,264,"bed","bed",0,1767,"1767"
19,265,"bedroom","bedroom",0,244,"244"
19,267,"chair","chair",0,1309,"1309"
19,268,"closet","closet",0,114,"114"
19,269,"couch","couch",0,141,"141"
19,271,"door","door",0,1349,"1349"
19,272,"drawer","drawer",0,112,"112"
19,274,"garage","garage",0,174,"174"
19,276,"kitchen","kitchen",0,480,"480"
19,278,"oven","oven",0,119,"119"
19,283,"refrigerator","refrigerator",0,167,"167"
19,284,"room","room",0,1490,"1490"
19,286,"sink","sink",0,156,"156"
19,288,"stairs","stairs",0,228,"228"
19,289,"stove","stove",0,118,"118"
19,290,"table","table",0,1407,"1407"
19,292,"window","window",0,518,"518"
19,297,"flower","flower",1,184,"184"
19,298,"garden","garden",0,208,"208"
19,299,"grass","grass",0,224,"224"
19,301,"ladder","ladder",0,143,"143"
19,303,"moon","moon",0,167,"167"
19,304,"pool","pool",0,149,"149"
19,305,"rain","rain",0,184,"184"
19,306,"rock","rock",0,156,"156"
19,307,"roof","roof",0,163,"163"
19,311,"sky","sky",0,172,"172"
19,312,"slide","slide",0,366,"366"
19,313,"snow","snow",0,421,"421"
19,316,"star","star",0,175,"175"
19,317,"stick","stick",0,493,"493"
19,319,"street","street",0,451,"451"
19,320,"sun","sun",0,269,"269"
19,322,"tree","tree",0,870,"870"
19,323,"water","water",1,1482,"1482"
19,324,"wind","wind",0,257,"257"
20,14,"animal","animal",0,284,"284"
20,19,"bug","bug",0,138,"138"
20,20,"bunny","bunny",1,588,"588"
20,21,"butterfly","butterfly",0,100,"100"
20,23,"chicken","chicken",0,590,"590"
20,27,"donkey","donkey",0,151,"151"
20,29,"elephant","elephant",0,372,"372"
20,31,"frog","frog",0,268,"268"
20,32,"giraffe","giraffe",0,126,"126"
20,35,"horse","horse",0,938,"938"
20,37,"lamb","lamb",0,140,"140"
20,38,"lion","lion",0,404,"404"
20,39,"monkey","monkey",0,380,"380"
20,41,"mouse","mouse",0,440,"440"
20,44,"pig","pig",0,405,"405"
20,46,"puppy","puppy",0,124,"124"
20,48,"sheep","sheep",0,192,"192"
20,51,"tiger","tiger",0,1049,"1049"
20,52,"turkey","turkey",0,113,"113"
20,53,"turtle","turtle",0,243,"243"
20,54,"wolf","wolf",0,107,"107"
20,56,"airplane","airplane",1,382,"382"
20,58,"boat","boat",1,490,"490"
20,59,"bus","bus",0,496,"496"
20,66,"tractor","tractor",0,324,"324"
20,67,"train","train",0,904,"904"
20,73,"block","block",0,272,"272"
20,78,"doll","doll",0,329,"329"
20,81,"pen","pen",0,370,"370"
20,84,"present","present",0,218,"218"
20,87,"toy","toy",0,524,"524"
20,91,"beans","beans",0,159,"159"
20,92,"bread","bread",0,391,"391"
20,93,"butter","butter",0,430,"430"
20,94,"cake","cake",0,724,"724"
20,95,"candy","candy",0,250,"250"
20,96,"carrots","carrots",0,112,"112"
20,97,"cereal","cereal",0,179,"179"
20,100,"chicken","chicken",0,590,"590"
20,101,"chocolate","chocolate",0,357,"357"
20,102,"coffee","coffee",0,559,"559"
20,108,"drink","drink",0,1017,"1017"
20,109,"egg","egg",0,375,"375"
20,110,"fish","fish",0,817,"817"
20,111,"food","food",0,613,"613"
20,123,"meat","meat",0,316,"316"
20,129,"orange","orange",0,609,"609"
20,138,"potato","potato",0,155,"155"
20,144,"sandwich","sandwich",0,284,"284"
20,147,"soup","soup",0,234,"234"
20,150,"toast","toast",0,222,"222"
20,159,"boots","boots",0,216,"216"
20,160,"button","button",0,332,"332"
20,161,"coat","coat",0,484,"484"
20,163,"dress","dress",0,338,"338"
20,166,"jacket","jacket",0,180,"180"
20,170,"pajamas","pajamas",0,114,"114"
20,171,"pants","pants",0,401,"401"
20,173,"shirt","shirt",0,523,"523"
20,180,"sweater","sweater",0,126,"126"
20,185,"arm","arm",0,268,"268"
20,192,"face","face",0,683,"683"
20,193,"finger","finger",0,503,"503"
20,194,"foot","foot",0,547,"547"
20,196,"hand","hand",0,1291,"1291"
20,197,"head","head",0,1282,"1282"
20,198,"knee","knee",0,172,"172"
20,199,"leg","leg",0,276,"276"
20,206,"toe","toe",0,101,"101"
20,207,"tongue","tongue",0,208,"208"
20,212,"blanket","blanket",1,140,"140"
20,214,"bowl","bowl",0,236,"236"
20,215,"box","box",0,1342,"1342"
20,216,"broom","broom",0,117,"117"
20,217,"brush","brush",0,371,"371"
20,218,"bucket","bucket",0,119,"119"
20,219,"camera","camera",0,107,"107"
20,220,"can","can",0,15040,"15040"
20,221,"clock","clock",0,251,"251"
20,222,"comb","comb",0,159,"159"
20,225,"fork","fork",0,161,"161"
20,227,"glass","glass",0,292,"292"
20,228,"glasses","glasses",0,177,"177"
20,229,"hammer","hammer",0,127,"127"
20,231,"keys","keys",0,160,"160"
20,232,"knife","knife",0,140,"140"
20,234,"light","light",1,569,"569"
20,235,"medicine","medicine",0,128,"128"
20,236,"money","money",0,628,"628"
20,240,"paper","paper",0,1065,"1065"
20,241,"penny","penny",0,129,"129"
20,242,"picture","picture",0,881,"881"
20,243,"pillow","pillow",0,120,"120"
20,244,"plant","plant",0,118,"118"
20,245,"plate","plate",0,348,"348"
20,247,"radio","radio",0,145,"145"
20,248,"scissors","scissors",0,192,"192"
20,249,"soap","soap",0,119,"119"
20,252,"telephone","telephone",0,297,"297"
20,253,"tissue","tissue",0,104,"104"
20,255,"towel","towel",0,138,"138"
20,260,"watch","watch",0,1658,"1658"
20,262,"bathroom","bathroom",0,340,"340"
20,263,"bathtub","bathtub",0,132,"132"
20,264,"bed","bed",1,1767,"1767"
20,265,"bedroom","bedroom",0,244,"244"
20,267,"chair","chair",0,1309,"1309"
20,268,"closet","closet",0,114,"114"
20,269,"couch","couch",0,141,"141"
20,271,"door","door",1,1349,"1349"
20,272,"drawer","drawer",0,112,"112"
20,274,"garage","garage",0,174,"174"
20,276,"kitchen","kitchen",0,480,"480"
20,278,"oven","oven",0,119,"119"
20,283,"refrigerator","refrigerator",0,167,"167"
20,284,"room","room",0,1490,"1490"
20,286,"sink","sink",0,156,"156"
20,288,"stairs","stairs",0,228,"228"
20,289,"stove","stove",0,118,"118"
20,290,"table","table",0,1407,"1407"
20,292,"window","window",0,518,"518"
20,298,"garden","garden",0,208,"208"
20,299,"grass","grass",0,224,"224"
20,301,"ladder","ladder",0,143,"143"
20,303,"moon","moon",0,167,"167"
20,304,"pool","pool",0,149,"149"
20,305,"rain","rain",0,184,"184"
20,306,"rock","rock",0,156,"156"
20,307,"roof","roof",0,163,"163"
20,311,"sky","sky",0,172,"172"
20,312,"slide","slide",0,366,"366"
20,313,"snow","snow",0,421,"421"
20,316,"star","star",0,175,"175"
20,317,"stick","stick",0,493,"493"
20,319,"street","street",0,451,"451"
20,320,"sun","sun",0,269,"269"
20,322,"tree","tree",1,870,"870"
20,324,"wind","wind",0,257,"257"
21,14,"animal","animal",0,284,"284"
21,19,"bug","bug",1,138,"138"
21,21,"butterfly","butterfly",0,100,"100"
21,23,"chicken","chicken",0,590,"590"
21,27,"donkey","donkey",0,151,"151"
21,29,"elephant","elephant",0,372,"372"
21,31,"frog","frog",0,268,"268"
21,32,"giraffe","giraffe",0,126,"126"
21,35,"horse","horse",1,938,"938"
21,37,"lamb","lamb",0,140,"140"
21,38,"lion","lion",0,404,"404"
21,39,"monkey","monkey",0,380,"380"
21,41,"mouse","mouse",0,440,"440"
21,44,"pig","pig",0,405,"405"
21,46,"puppy","puppy",1,124,"124"
21,48,"sheep","sheep",0,192,"192"
21,51,"tiger","tiger",0,1049,"1049"
21,52,"turkey","turkey",0,113,"113"
21,53,"turtle","turtle",0,243,"243"
21,54,"wolf","wolf",0,107,"107"
21,59,"bus","bus",1,496,"496"
21,66,"tractor","tractor",0,324,"324"
21,67,"train","train",0,904,"904"
21,73,"block","block",0,272,"272"
21,78,"doll","doll",0,329,"329"
21,81,"pen","pen",0,370,"370"
21,84,"present","present",0,218,"218"
21,87,"toy","toy",1,524,"524"
21,91,"beans","beans",0,159,"159"
21,92,"bread","bread",0,391,"391"
21,93,"butter","butter",0,430,"430"
21,94,"cake","cake",0,724,"724"
21,95,"candy","candy",0,250,"250"
21,96,"carrots","carrots",0,112,"112"
21,97,"cereal","cereal",0,179,"179"
21,100,"chicken","chicken",0,590,"590"
21,101,"chocolate","chocolate",0,357,"357"
21,102,"coffee","coffee",0,559,"559"
21,108,"drink","drink",1,1017,"1017"
21,109,"egg","egg",0,375,"375"
21,110,"fish","fish",0,817,"817"
21,111,"food","food",0,613,"613"
21,123,"meat","meat",0,316,"316"
21,129,"orange","orange",0,609,"609"
21,138,"potato","potato",0,155,"155"
21,144,"sandwich","sandwich",0,284,"284"
21,147,"soup","soup",0,234,"234"
21,150,"toast","toast",0,222,"222"
21,159,"boots","boots",0,216,"216"
21,160,"button","button",0,332,"332"
21,161,"coat","coat",0,484,"484"
21,163,"dress","dress",0,338,"338"
21,166,"jacket","jacket",0,180,"180"
21,170,"pajamas","pajamas",0,114,"114"
21,171,"pants","pants",0,401,"401"
21,173,"shirt","shirt",0,523,"523"
21,180,"sweater","sweater",0,126,"126"
21,185,"arm","arm",1,268,"268"
21,192,"face","face",0,683,"683"
21,193,"finger","finger",1,503,"503"
21,194,"foot","foot",0,547,"547"
21,196,"hand","hand",1,1291,"1291"
21,197,"head","head",1,1282,"1282"
21,198,"knee","knee",0,172,"172"
21,199,"leg","leg",0,276,"276"
21,206,"toe","toe",1,101,"101"
21,207,"tongue","tongue",0,208,"208"
21,214,"bowl","bowl",0,236,"236"
21,215,"box","box",0,1342,"1342"
21,216,"broom","broom",0,117,"117"
21,217,"brush","brush",0,371,"371"
21,218,"bucket","bucket",0,119,"119"
21,219,"camera","camera",0,107,"107"
21,220,"can","can",0,15040,"15040"
21,221,"clock","clock",0,251,"251"
21,222,"comb","comb",0,159,"159"
21,225,"fork","fork",0,161,"161"
21,227,"glass","glass",0,292,"292"
21,228,"glasses","glasses",0,177,"177"
21,229,"hammer","hammer",0,127,"127"
21,231,"keys","keys",0,160,"160"
21,232,"knife","knife",0,140,"140"
21,235,"medicine","medicine",0,128,"128"
21,236,"money","money",0,628,"628"
21,240,"paper","paper",0,1065,"1065"
21,241,"penny","penny",0,129,"129"
21,242,"picture","picture",0,881,"881"
21,243,"pillow","pillow",0,120,"120"
21,244,"plant","plant",0,118,"118"
21,245,"plate","plate",0,348,"348"
21,247,"radio","radio",0,145,"145"
21,248,"scissors","scissors",0,192,"192"
21,249,"soap","soap",0,119,"119"
21,252,"telephone","telephone",1,297,"297"
21,253,"tissue","tissue",0,104,"104"
21,255,"towel","towel",0,138,"138"
21,260,"watch","watch",0,1658,"1658"
21,262,"bathroom","bathroom",0,340,"340"
21,263,"bathtub","bathtub",0,132,"132"
21,265,"bedroom","bedroom",0,244,"244"
21,267,"chair","chair",1,1309,"1309"
21,268,"closet","closet",0,114,"114"
21,269,"couch","couch",0,141,"141"
21,272,"drawer","drawer",0,112,"112"
21,274,"garage","garage",0,174,"174"
21,276,"kitchen","kitchen",0,480,"480"
21,278,"oven","oven",0,119,"119"
21,283,"refrigerator","refrigerator",0,167,"167"
21,284,"room","room",0,1490,"1490"
21,286,"sink","sink",0,156,"156"
21,288,"stairs","stairs",0,228,"228"
21,289,"stove","stove",0,118,"118"
21,290,"table","table",0,1407,"1407"
21,292,"window","window",0,518,"518"
21,298,"garden","garden",0,208,"208"
21,299,"grass","grass",0,224,"224"
21,301,"ladder","ladder",0,143,"143"
21,303,"moon","moon",1,167,"167"
21,304,"pool","pool",0,149,"149"
21,305,"rain","rain",0,184,"184"
21,306,"rock","rock",0,156,"156"
21,307,"roof","roof",0,163,"163"
21,311,"sky","sky",0,172,"172"
21,312,"slide","slide",0,366,"366"
21,313,"snow","snow",0,421,"421"
21,316,"star","star",0,175,"175"
21,317,"stick","stick",0,493,"493"
21,319,"street","street",0,451,"451"
21,320,"sun","sun",0,269,"269"
21,324,"wind","wind",0,257,"257"
22,14,"animal","animal",0,284,"284"
22,21,"butterfly","butterfly",0,100,"100"
22,23,"chicken","chicken",1,590,"590"
22,27,"donkey","donkey",0,151,"151"
22,29,"elephant","elephant",1,372,"372"
22,31,"frog","frog",1,268,"268"
22,32,"giraffe","giraffe",0,126,"126"
22,37,"lamb","lamb",0,140,"140"
22,38,"lion","lion",0,404,"404"
22,39,"monkey","monkey",1,380,"380"
22,41,"mouse","mouse",1,440,"440"
22,44,"pig","pig",1,405,"405"
22,48,"sheep","sheep",0,192,"192"
22,51,"tiger","tiger",0,1049,"1049"
22,52,"turkey","turkey",0,113,"113"
22,53,"turtle","turtle",0,243,"243"
22,54,"wolf","wolf",0,107,"107"
22,66,"tractor","tractor",0,324,"324"
22,67,"train","train",1,904,"904"
22,73,"block","block",1,272,"272"
22,78,"doll","doll",1,329,"329"
22,81,"pen","pen",0,370,"370"
22,84,"present","present",0,218,"218"
22,91,"beans","beans",0,159,"159"
22,92,"bread","bread",1,391,"391"
22,93,"butter","butter",0,430,"430"
22,94,"cake","cake",1,724,"724"
22,95,"candy","candy",0,250,"250"
22,96,"carrots","carrots",0,112,"112"
22,97,"cereal","cereal",1,179,"179"
22,100,"chicken","chicken",1,590,"590"
22,101,"chocolate","chocolate",0,357,"357"
22,102,"coffee","coffee",0,559,"559"
22,109,"egg","egg",1,375,"375"
22,110,"fish","fish",1,817,"817"
22,111,"food","food",0,613,"613"
22,123,"meat","meat",0,316,"316"
22,129,"orange","orange",1,609,"609"
22,138,"potato","potato",0,155,"155"
22,144,"sandwich","sandwich",0,284,"284"
22,147,"soup","soup",0,234,"234"
22,150,"toast","toast",0,222,"222"
22,159,"boots","boots",1,216,"216"
22,160,"button","button",1,332,"332"
22,161,"coat","coat",1,484,"484"
22,163,"dress","dress",0,338,"338"
22,166,"jacket","jacket",0,180,"180"
22,170,"pajamas","pajamas",0,114,"114"
22,171,"pants","pants",1,401,"401"
22,173,"shirt","shirt",1,523,"523"
22,180,"sweater","sweater",1,126,"126"
22,192,"face","face",0,683,"683"
22,194,"foot","foot",1,547,"547"
22,198,"knee","knee",1,172,"172"
22,199,"leg","leg",1,276,"276"
22,207,"tongue","tongue",1,208,"208"
22,214,"bowl","bowl",0,236,"236"
22,215,"box","box",1,1342,"1342"
22,216,"broom","broom",0,117,"117"
22,217,"brush","brush",1,371,"371"
22,218,"bucket","bucket",0,119,"119"
22,219,"camera","camera",0,107,"107"
22,220,"can","can",0,15040,"15040"
22,221,"clock","clock",0,251,"251"
22,222,"comb","comb",0,159,"159"
22,225,"fork","fork",1,161,"161"
22,227,"glass","glass",0,292,"292"
22,228,"glasses","glasses",0,177,"177"
22,229,"hammer","hammer",0,127,"127"
22,231,"keys","keys",0,160,"160"
22,232,"knife","knife",0,140,"140"
22,235,"medicine","medicine",0,128,"128"
22,236,"money","money",0,628,"628"
22,240,"paper","paper",1,1065,"1065"
22,241,"penny","penny",0,129,"129"
22,242,"picture","picture",0,881,"881"
22,243,"pillow","pillow",1,120,"120"
22,244,"plant","plant",0,118,"118"
22,245,"plate","plate",0,348,"348"
22,247,"radio","radio",0,145,"145"
22,248,"scissors","scissors",0,192,"192"
22,249,"soap","soap",1,119,"119"
22,253,"tissue","tissue",0,104,"104"
22,255,"towel","towel",0,138,"138"
22,260,"watch","watch",0,1658,"1658"
22,262,"bathroom","bathroom",0,340,"340"
22,263,"bathtub","bathtub",1,132,"132"
22,265,"bedroom","bedroom",0,244,"244"
22,268,"closet","closet",0,114,"114"
22,269,"couch","couch",0,141,"141"
22,272,"drawer","drawer",0,112,"112"
22,274,"garage","garage",0,174,"174"
22,276,"kitchen","kitchen",0,480,"480"
22,278,"oven","oven",0,119,"119"
22,283,"refrigerator","refrigerator",0,167,"167"
22,284,"room","room",0,1490,"1490"
22,286,"sink","sink",0,156,"156"
22,288,"stairs","stairs",0,228,"228"
22,289,"stove","stove",0,118,"118"
22,290,"table","table",0,1407,"1407"
22,292,"window","window",0,518,"518"
22,298,"garden","garden",0,208,"208"
22,299,"grass","grass",0,224,"224"
22,301,"ladder","ladder",0,143,"143"
22,304,"pool","pool",0,149,"149"
22,305,"rain","rain",1,184,"184"
22,306,"rock","rock",1,156,"156"
22,307,"roof","roof",0,163,"163"
22,311,"sky","sky",0,172,"172"
22,312,"slide","slide",1,366,"366"
22,313,"snow","snow",0,421,"421"
22,316,"star","star",1,175,"175"
22,317,"stick","stick",0,493,"493"
22,319,"street","street",0,451,"451"
22,320,"sun","sun",0,269,"269"
22,324,"wind","wind",0,257,"257"
23,14,"animal","animal",0,284,"284"
23,21,"butterfly","butterfly",1,100,"100"
23,27,"donkey","donkey",0,151,"151"
23,32,"giraffe","giraffe",0,126,"126"
23,37,"lamb","lamb",0,140,"140"
23,38,"lion","lion",1,404,"404"
23,48,"sheep","sheep",1,192,"192"
23,51,"tiger","tiger",1,1049,"1049"
23,52,"turkey","turkey",0,113,"113"
23,53,"turtle","turtle",1,243,"243"
23,54,"wolf","wolf",0,107,"107"
23,66,"tractor","tractor",0,324,"324"
23,81,"pen","pen",1,370,"370"
23,84,"present","present",0,218,"218"
23,91,"beans","beans",0,159,"159"
23,93,"butter","butter",0,430,"430"
23,95,"candy","candy",1,250,"250"
23,96,"carrots","carrots",0,112,"112"
23,101,"chocolate","chocolate",0,357,"357"
23,102,"coffee","coffee",0,559,"559"
23,111,"food","food",1,613,"613"
23,123,"meat","meat",0,316,"316"
23,138,"potato","potato",0,155,"155"
23,144,"sandwich","sandwich",0,284,"284"
23,147,"soup","soup",0,234,"234"
23,150,"toast","toast",1,222,"222"
23,163,"dress","dress",0,338,"338"
23,166,"jacket","jacket",1,180,"180"
23,170,"pajamas","pajamas",1,114,"114"
23,192,"face","face",1,683,"683"
23,214,"bowl","bowl",1,236,"236"
23,216,"broom","broom",1,117,"117"
23,218,"bucket","bucket",0,119,"119"
23,219,"camera","camera",0,107,"107"
23,220,"can","can",0,15040,"15040"
23,221,"clock","clock",1,251,"251"
23,222,"comb","comb",0,159,"159"
23,227,"glass","glass",0,292,"292"
23,228,"glasses","glasses",1,177,"177"
23,229,"hammer","hammer",0,127,"127"
23,231,"keys","keys",0,160,"160"
23,232,"knife","knife",0,140,"140"
23,235,"medicine","medicine",0,128,"128"
23,236,"money","money",1,628,"628"
23,241,"penny","penny",0,129,"129"
23,242,"picture","picture",0,881,"881"
23,244,"plant","plant",0,118,"118"
23,245,"plate","plate",1,348,"348"
23,247,"radio","radio",0,145,"145"
23,248,"scissors","scissors",0,192,"192"
23,253,"tissue","tissue",0,104,"104"
23,255,"towel","towel",1,138,"138"
23,260,"watch","watch",0,1658,"1658"
23,262,"bathroom","bathroom",1,340,"340"
23,265,"bedroom","bedroom",0,244,"244"
23,268,"closet","closet",0,114,"114"
23,269,"couch","couch",0,141,"141"
23,272,"drawer","drawer",0,112,"112"
23,274,"garage","garage",0,174,"174"
23,276,"kitchen","kitchen",1,480,"480"
23,278,"oven","oven",0,119,"119"
23,283,"refrigerator","refrigerator",0,167,"167"
23,284,"room","room",0,1490,"1490"
23,286,"sink","sink",0,156,"156"
23,288,"stairs","stairs",0,228,"228"
23,289,"stove","stove",0,118,"118"
23,290,"table","table",1,1407,"1407"
23,292,"window","window",0,518,"518"
23,298,"garden","garden",0,208,"208"
23,299,"grass","grass",1,224,"224"
23,301,"ladder","ladder",0,143,"143"
23,304,"pool","pool",0,149,"149"
23,307,"roof","roof",0,163,"163"
23,311,"sky","sky",0,172,"172"
23,313,"snow","snow",0,421,"421"
23,317,"stick","stick",0,493,"493"
23,319,"street","street",0,451,"451"
23,320,"sun","sun",1,269,"269"
23,324,"wind","wind",0,257,"257"
24,14,"animal","animal",1,284,"284"
24,27,"donkey","donkey",0,151,"151"
24,32,"giraffe","giraffe",1,126,"126"
24,37,"lamb","lamb",0,140,"140"
24,52,"turkey","turkey",0,113,"113"
24,54,"wolf","wolf",0,107,"107"
24,66,"tractor","tractor",0,324,"324"
24,84,"present","present",1,218,"218"
24,91,"beans","beans",1,159,"159"
24,93,"butter","butter",1,430,"430"
24,96,"carrots","carrots",1,112,"112"
24,101,"chocolate","chocolate",1,357,"357"
24,102,"coffee","coffee",1,559,"559"
24,123,"meat","meat",0,316,"316"
24,138,"potato","potato",0,155,"155"
24,144,"sandwich","sandwich",0,284,"284"
24,147,"soup","soup",0,234,"234"
24,163,"dress","dress",0,338,"338"
24,218,"bucket","bucket",0,119,"119"
24,219,"camera","camera",0,107,"107"
24,220,"can","can",0,15040,"15040"
24,222,"comb","comb",0,159,"159"
24,227,"glass","glass",0,292,"292"
24,229,"hammer","hammer",0,127,"127"
24,231,"keys","keys",1,160,"160"
24,232,"knife","knife",0,140,"140"
24,235,"medicine","medicine",1,128,"128"
24,241,"penny","penny",0,129,"129"
24,242,"picture","picture",1,881,"881"
24,244,"plant","plant",0,118,"118"
24,247,"radio","radio",0,145,"145"
24,248,"scissors","scissors",0,192,"192"
24,253,"tissue","tissue",1,104,"104"
24,260,"watch","watch",1,1658,"1658"
24,265,"bedroom","bedroom",0,244,"244"
24,268,"closet","closet",0,114,"114"
24,269,"couch","couch",1,141,"141"
24,272,"drawer","drawer",0,112,"112"
24,274,"garage","garage",0,174,"174"
24,278,"oven","oven",0,119,"119"
24,283,"refrigerator","refrigerator",0,167,"167"
24,284,"room","room",1,1490,"1490"
24,286,"sink","sink",0,156,"156"
24,288,"stairs","stairs",0,228,"228"
24,289,"stove","stove",0,118,"118"
24,292,"window","window",0,518,"518"
24,298,"garden","garden",0,208,"208"
24,301,"ladder","ladder",0,143,"143"
24,304,"pool","pool",1,149,"149"
24,307,"roof","roof",0,163,"163"
24,311,"sky","sky",1,172,"172"
24,313,"snow","snow",0,421,"421"
24,317,"stick","stick",1,493,"493"
24,319,"street","street",0,451,"451"
24,324,"wind","wind",0,257,"257"
25,27,"donkey","donkey",0,151,"151"
25,37,"lamb","lamb",0,140,"140"
25,52,"turkey","turkey",0,113,"113"
25,54,"wolf","wolf",0,107,"107"
25,66,"tractor","tractor",1,324,"324"
25,123,"meat","meat",0,316,"316"
25,138,"potato","potato",1,155,"155"
25,144,"sandwich","sandwich",1,284,"284"
25,147,"soup","soup",1,234,"234"
25,163,"dress","dress",0,338,"338"
25,218,"bucket","bucket",0,119,"119"
25,219,"camera","camera",1,107,"107"
25,220,"can","can",0,15040,"15040"
25,222,"comb","comb",1,159,"159"
25,227,"glass","glass",0,292,"292"
25,229,"hammer","hammer",0,127,"127"
25,232,"knife","knife",1,140,"140"
25,241,"penny","penny",0,129,"129"
25,244,"plant","plant",0,118,"118"
25,247,"radio","radio",0,145,"145"
25,248,"scissors","scissors",1,192,"192"
25,265,"bedroom","bedroom",1,244,"244"
25,268,"closet","closet",0,114,"114"
25,272,"drawer","drawer",0,112,"112"
25,274,"garage","garage",0,174,"174"
25,278,"oven","oven",0,119,"119"
25,283,"refrigerator","refrigerator",1,167,"167"
25,286,"sink","sink",1,156,"156"
25,288,"stairs","stairs",1,228,"228"
25,289,"stove","stove",0,118,"118"
25,292,"window","window",1,518,"518"
25,298,"garden","garden",0,208,"208"
25,301,"ladder","ladder",0,143,"143"
25,307,"roof","roof",0,163,"163"
25,313,"snow","snow",1,421,"421"
25,319,"street","street",1,451,"451"
25,324,"wind","wind",0,257,"257"
26,27,"donkey","donkey",0,151,"151"
26,37,"lamb","lamb",1,140,"140"
26,52,"turkey","turkey",0,113,"113"
26,54,"wolf","wolf",0,107,"107"
26,123,"meat","meat",1,316,"316"
26,163,"dress","dress",1,338,"338"
26,218,"bucket","bucket",1,119,"119"
26,220,"can","can",0,15040,"15040"
26,227,"glass","glass",1,292,"292"
26,229,"hammer","hammer",1,127,"127"
26,241,"penny","penny",1,129,"129"
26,244,"plant","plant",1,118,"118"
26,247,"radio","radio",0,145,"145"
26,268,"closet","closet",1,114,"114"
26,272,"drawer","drawer",0,112,"112"
26,274,"garage","garage",1,174,"174"
26,278,"oven","oven",0,119,"119"
26,289,"stove","stove",1,118,"118"
26,298,"garden","garden",0,208,"208"
26,301,"ladder","ladder",0,143,"143"
26,307,"roof","roof",0,163,"163"
26,324,"wind","wind",0,257,"257"
27,27,"donkey","donkey",0,151,"151"
27,52,"turkey","turkey",1,113,"113"
27,54,"wolf","wolf",0,107,"107"
27,220,"can","can",0,15040,"15040"
27,247,"radio","radio",1,145,"145"
27,272,"drawer","drawer",1,112,"112"
27,278,"oven","oven",1,119,"119"
27,298,"garden","garden",0,208,"208"
27,301,"ladder","ladder",1,143,"143"
27,307,"roof","roof",0,163,"163"
27,324,"wind","wind",1,257,"257"
28,27,"donkey","donkey",1,151,"151"
28,54,"wolf","wolf",1,107,"107"
28,220,"can","can",1,15040,"15040"
28,298,"garden","garden",1,208,"208"
28,307,"roof","roof",1,163,"163"
