"cue","target","normed","proportion"
"a","the","NO",0.066
"a","apple","YES",0.013
"above","up","YES",0.064
"above","high","YES",0.057
"above","top","YES",0.036
"above","cloud","YES",0.014
"above","sky","YES",0.014
"after","later","NO",0.117
"after","dark","YES",0.032
"after","now","YES",0.019
"after","morning","YES",0.013
"after","tomorrow","YES",0.013
"again","again","YES",0.046
"again","stop","YES",0.033
"again","do","YES",0.013
"again","not","YES",0.013
"again","now","YES",0.013
"airplane","fly","YES",0.32
"airplane","sky","YES",0.061
"airplane","car","YES",0.02
"airplane","bird","YES",0.015
"airplane","boat","YES",0.015
"airplane","travel","YES",0.015
"airplane","ride","YES",0.01
"airplane","train","YES",0.01
"all","none","YES",0.333
"all","everyone","NO",0.122
"all","many","YES",0.122
"all","nothing","YES",0.061
"all","any","NO",0.02
"all","some","YES",0.014
"ambulance","hurt","YES",0.043
"ambulance","help","YES",0.036
"ambulance","light","YES",0.036
"ambulance","car","YES",0.014
"ambulance","red","YES",0.014
"angry","happy","YES",0.115
"angry","sad","YES",0.068
"angry","fight","YES",0.014
"angry","red","YES",0.014
"animal","dog","YES",0.293
"animal","cat","YES",0.12
"animal","fat","YES",0.022
"animal","house","YES",0.022
"animal","lion","YES",0.022
"animal","zoo","YES",0.022
"animal","bear","YES",0.016
"animal","bird","YES",0.016
"animal","horse","YES",0.016
"animal","party","YES",0.016
"animal","man","YES",0.011
"animal","pig","YES",0.011
"another","person","YES",0.13
"another","other","YES",0.123
"another","more","YES",0.096
"another","again","YES",0.068
"another","day","YES",0.048
"another","different","YES",0.041
"another","also","NO",0.021
"another","someone","NO",0.021
"ant","bug","YES",0.084
"ant","bee","YES",0.034
"ant","bite","YES",0.034
"ant","food","YES",0.017
"ant","spider","YES",0.017
"apple","red","YES",0.208
"apple","fruit","YES",0.154
"apple","pear","YES",0.047
"apple","worm","YES",0.034
"apple","green","YES",0.027
"apple","peach","YES",0.027
"apple","banana","YES",0.02
"apple","computer","YES",0.02
"apple","food","YES",0.02
"apple","tree","YES",0.02
"apple","bite","YES",0.013
"apple","eat","YES",0.013
"arm","leg","YES",0.673
"arm","hand","YES",0.145
"arm","chair","YES",0.03
"arm","finger","YES",0.018
"asleep","tired","YES",0.129
"asleep","bed","YES",0.05
"asleep","night","YES",0.029
"asleep","fall","YES",0.014
"asleep","nap","YES",0.014
"asleep","pillow","YES",0.014
"asleep","sleep","YES",0.014
"aunt","uncle","YES",0.746
"away","far","YES",0.23
"away","home","YES",0.088
"away","here","YES",0.074
"away","close","YES",0.041
"away","go","YES",0.027
"away","leave","YES",0.027
"away","come","YES",0.02
"away","school","YES",0.02
"baby","child","YES",0.212
"baby","cry","YES",0.115
"baby","bottle","YES",0.045
"baby","cute","YES",0.045
"baby","crib","YES",0.032
"baby","doll","YES",0.032
"baby","boy","YES",0.026
"baby","diaper","YES",0.019
"baby","girl","YES",0.019
"baby","rattle","YES",0.013
"back","front","YES",0.52
"back","neck","YES",0.014
"back","person","YES",0.014
"bad","good","YES",0.75
"bad","boy","YES",0.049
"bad","dog","YES",0.022
"bad","girl","YES",0.011
"bag","lunch","YES",0.22
"bag","paper","YES",0.142
"bag","box","YES",0.055
"bag","purse","YES",0.047
"bag","carry","YES",0.039
"bag","food","YES",0.024
"bag","old","YES",0.016
"ball","throw","YES",0.071
"ball","dance","YES",0.043
"ball","hit","YES",0.022
"ball","park","YES",0.016
"ball","boy","YES",0.011
"ball","red","YES",0.011
"balloon","red","YES",0.081
"balloon","fly","YES",0.034
"balloon","clown","YES",0.027
"balloon","party","YES",0.02
"balloon","ball","YES",0.014
"balloon","big","YES",0.014
"balloon","happy","YES",0.014
"balloon","high","YES",0.014
"balloon","ride","YES",0.014
"balloon","sky","YES",0.014
"banana","fruit","YES",0.215
"banana","apple","YES",0.153
"banana","yellow","YES",0.146
"banana","monkey","YES",0.062
"bang","boom","YES",0.159
"bang","loud","YES",0.076
"bang","drum","YES",0.048
"bang","hit","YES",0.041
"bang","big","YES",0.014
"barn","cow","YES",0.173
"barn","horse","YES",0.165
"barn","animal","YES",0.087
"barn","yard","YES",0.055
"barn","door","YES",0.047
"barn","red","YES",0.031
"barn","house","YES",0.016
"bath","shower","YES",0.333
"bath","room","YES",0.036
"bath","soap","YES",0.03
"bath","wash","YES",0.024
"bath","house","YES",0.012
"bath","towel","YES",0.012
"bathroom","shower","YES",0.151
"bathroom","sink","YES",0.094
"bathroom","towel","YES",0.05
"bathroom","bathtub","YES",0.043
"bathroom","wash","YES",0.029
"bathroom","bedroom","YES",0.014
"bathroom","mirror","YES",0.014
"bathroom","soap","YES",0.014
"bathtub","shower","YES",0.24
"bathtub","sink","YES",0.091
"bathtub","soap","YES",0.071
"bathtub","bath","YES",0.026
"bathtub","wash","YES",0.026
"bathtub","bathroom","YES",0.013
"battery","car","YES",0.191
"battery","radio","YES",0.053
"be","bee","YES",0.039
"be","careful","YES",0.039
"be","good","YES",0.039
"be","to","NO",0.033
"be","all","YES",0.026
"be","happy","YES",0.026
"be","not","YES",0.026
"be","here","YES",0.02
"be","me","YES",0.02
"be","nice","YES",0.02
"be","can","YES",0.013
"be","do","YES",0.013
"be","flower","YES",0.013
"be","honey","YES",0.013
"be","there","YES",0.013
"beach","sand","YES",0.394
"beach","sun","YES",0.145
"beach","towel","YES",0.042
"beach","ball","YES",0.024
"beach","swim","YES",0.024
"beach","wave","YES",0.018
"beach","blanket","YES",0.012
"beans","rice","YES",0.153
"beans","food","YES",0.087
"beans","green","YES",0.04
"beans","black","YES",0.033
"beans","chili","YES",0.033
"beans","peas","YES",0.027
"beans","soup","YES",0.013
"bear","animal","YES",0.136
"bear","big","YES",0.061
"bear","hug","YES",0.03
"bear","black","YES",0.02
"bear","lion","YES",0.02
"bear","dog","YES",0.01
"bear","hold","YES",0.01
"bear","honey","YES",0.01
"bear","tiger","YES",0.01
"bear","tree","YES",0.01
"beautiful","pretty","YES",0.389
"beautiful","ugly","YES",0.229
"beautiful","girl","YES",0.049
"beautiful","people","YES",0.021
"beautiful","flower","YES",0.014
"beautiful","woman","YES",0.014
"bed","sleep","YES",0.638
"bed","room","YES",0.024
"bed","soft","YES",0.024
"bed","bug","YES",0.016
"bed","pillow","YES",0.016
"bed","tired","YES",0.016
"bedroom","bed","YES",0.353
"bedroom","sleep","YES",0.187
"bedroom","bathroom","YES",0.05
"bedroom","house","YES",0.043
"bedroom","window","YES",0.036
"bedroom","door","YES",0.022
"bedroom","living room","YES",0.022
"bedroom","home","YES",0.014
"bedroom","light","YES",0.014
"bedroom","night","YES",0.014
"bee","honey","YES",0.22
"begin","now","YES",0.042
"begin","stop","YES",0.035
"begin","finish","YES",0.014
"bell","tower","YES",0.122
"bell","church","YES",0.047
"bell","school","YES",0.041
"bell","leave","YES",0.014
"berry","fruit","YES",0.298
"berry","juice","YES",0.093
"berry","red","YES",0.033
"berry","eat","YES",0.026
"berry","sweet","YES",0.02
"berry","tree","YES",0.02
"between","in","YES",0.087
"between","inside","YES",0.043
"between","outside","YES",0.036
"between","under","YES",0.036
"between","rock","YES",0.014
"bicycle","ride","YES",0.23
"bicycle","motorcycle","YES",0.047
"bicycle","car","YES",0.041
"big","easy","YES",0.02
"big","dog","YES",0.014
"bird","fly","YES",0.212
"bird","parrot","YES",0.056
"bird","animal","YES",0.04
"bird","cat","YES",0.03
"bird","sing","YES",0.03
"bird","dog","YES",0.025
"bird","blue","YES",0.02
"bird","tree","YES",0.02
"bird","bath","YES",0.01
"bird","house","YES",0.01
"biscuit","bread","YES",0.194
"biscuit","bun","YES",0.09
"biscuit","butter","YES",0.073
"biscuit","cookie","YES",0.051
"biscuit","dog","YES",0.04
"biscuit","breakfast","YES",0.023
"biscuit","cracker","YES",0.023
"biscuit","eat","YES",0.023
"biscuit","food","YES",0.017
"biscuit","honey","YES",0.017
"biscuit","ham","YES",0.011
"biscuit","jam","YES",0.011
"biscuit","oven","YES",0.011
"bite","dog","YES",0.217
"bite","hurt","YES",0.082
"bite","eat","YES",0.027
"bite","food","YES",0.022
"bite","hard","YES",0.022
"bite","apple","YES",0.016
"bite","lick","YES",0.016
"bite","mosquito","YES",0.016
"bite","bug","YES",0.011
"bite","fight","YES",0.011
"bitter","sweet","YES",0.435
"bitter","cold","YES",0.101
"bitter","lemon","YES",0.022
"black","white","YES",0.557
"black","dark","YES",0.1
"black","sheep","YES",0.05
"black","cat","YES",0.043
"black","night","YES",0.021
"black","beautiful","YES",0.014
"black","man","YES",0.014
"blanket","warm","YES",0.331
"blanket","cover","YES",0.197
"blanket","cold","YES",0.126
"blanket","bed","YES",0.102
"blanket","pillow","YES",0.055
"blanket","sleep","YES",0.024
"blanket","beach","YES",0.016
"bless","you","YES",0.131
"bless","church","YES",0.078
"bless","me","YES",0.02
"bless","happy","YES",0.013
"block","stop","YES",0.04
"block","street","YES",0.04
"block","head","YES",0.033
"block","house","YES",0.033
"block","party","YES",0.033
"block","baby","YES",0.02
"block","child","YES",0.02
"block","rock","YES",0.013
"block","wall","YES",0.013
"blow","wind","YES",0.158
"blow","up","YES",0.055
"blow","candle","YES",0.048
"blow","away","YES",0.034
"blow","out","YES",0.034
"blow","balloon","YES",0.021
"blow","hair","YES",0.021
"blow","hit","YES",0.021
"blow","strike","YES",0.021
"blow","hard","YES",0.014
"blow","nose","YES",0.014
"blue","sky","YES",0.284
"blue","green","YES",0.135
"blue","red","YES",0.106
"blue","eye","YES",0.092
"blue","black","YES",0.028
"blue","sad","YES",0.028
"blue","light","YES",0.014
"blue","moon","YES",0.014
"blue","white","YES",0.014
"boat","ship","YES",0.126
"book","read","YES",0.425
"book","worm","YES",0.063
"book","school","YES",0.055
"book","paper","YES",0.039
"book","money","YES",0.024
"book","store","YES",0.016
"boom","loud","YES",0.099
"boom","bang","YES",0.079
"boom","box","YES",0.066
"boom","baby","YES",0.02
"boom","balloon","YES",0.013
"boom","big","YES",0.013
"boots","feet","YES",0.077
"boots","snow","YES",0.056
"boots","rain","YES",0.035
"boots","walk","YES",0.021
"boots","black","YES",0.014
"boots","horse","YES",0.014
"boots","mud","YES",0.014
"bottle","glass","YES",0.086
"bottle","cap","YES",0.06
"bottle","jar","YES",0.033
"bottle","soda","YES",0.026
"bottle","baby","YES",0.02
"bottle","top","YES",0.02
"bottle","medicine","YES",0.013
"bowl","dish","YES",0.111
"bowl","cereal","YES",0.083
"bowl","ball","YES",0.078
"bowl","spoon","YES",0.078
"bowl","cup","YES",0.072
"bowl","soup","YES",0.061
"bowl","plate","YES",0.05
"bowl","fruit","YES",0.028
"bowl","strike","YES",0.028
"bowl","food","YES",0.017
"bowl","pot","YES",0.011
"box","shoe","YES",0.071
"box","car","YES",0.031
"box","paper","YES",0.031
"box","present","YES",0.031
"boy","girl","YES",0.701
"boy","blue","YES",0.049
"boy","man","YES",0.027
"boy","cute","YES",0.016
"boy","friend","YES",0.016
"boy","child","YES",0.011
"boy","dog","YES",0.011
"boy","hot","YES",0.011
"bread","butter","YES",0.487
"bread","food","YES",0.045
"bread","eat","YES",0.026
"bread","sandwich","YES",0.026
"bread","money","YES",0.019
"bread","white","YES",0.019
"bread","meat","YES",0.013
"break","glass","YES",0.1
"break","away","YES",0.028
"break","down","YES",0.028
"break","broken","YES",0.022
"break","dish","YES",0.022
"break","tear","YES",0.022
"break","cup","YES",0.011
"break","drop","YES",0.011
"break","up","YES",0.011
"breakfast","lunch","YES",0.473
"breakfast","dinner","YES",0.149
"breakfast","egg","YES",0.068
"breakfast","morning","YES",0.068
"breakfast","cereal","YES",0.054
"breakfast","food","YES",0.047
"breast","woman","YES",0.141
"breast","milk","YES",0.106
"breast","girl","YES",0.049
"breast","big","YES",0.021
"breast","baby","YES",0.014
"breast","soft","YES",0.014
"bridge","road","YES",0.055
"bridge","car","YES",0.016
"bring","take","YES",0.301
"bring","carry","YES",0.137
"bring","give","YES",0.068
"bring","food","YES",0.034
"bring","get","YES",0.027
"bring","book","YES",0.021
"bring","come","YES",0.021
"bring","home","YES",0.014
"bring","money","YES",0.014
"broken","glass","YES",0.088
"broken","arm","YES",0.068
"broken","leg","YES",0.048
"broken","break","YES",0.034
"broken","hurt","YES",0.027
"broom","sweep","YES",0.504
"broom","stick","YES",0.079
"broom","closet","YES",0.055
"broom","brush","YES",0.024
"broom","dustpan","YES",0.024
"broom","vacuum","YES",0.024
"broom","floor","YES",0.016
"brother","sister","YES",0.746
"brother","friend","YES",0.04
"brother","boy","YES",0.016
"brother","family","YES",0.016
"brother","love","YES",0.016
"brother","sibling","YES",0.016
"brush","hair","YES",0.44
"brush","tooth","YES",0.277
"brush","paint","YES",0.011
"brush","touch","YES",0.011
"bucket","paint","YES",0.02
"bucket","wash","YES",0.02
"bucket","kick","YES",0.014
"bucket","sand","YES",0.014
"bug","ant","YES",0.06
"bug","fly","YES",0.06
"bug","lady","YES",0.047
"bug","spider","YES",0.04
"bug","bite","YES",0.034
"bug","black","YES",0.013
"bug","mosquito","YES",0.013
"bug","ugly","YES",0.013
"bump","hit","YES",0.103
"bump","car","YES",0.075
"bump","head","YES",0.055
"bump","push","YES",0.021
"bump","road","YES",0.021
"bump","hurt","YES",0.014
"bun","bread","YES",0.234
"bun","hair","YES",0.028
"bun","butt","YES",0.021
"bun","butter","YES",0.014
"bun","hot","YES",0.014
"bun","nice","YES",0.014
"bun","oven","YES",0.014
"bun","toast","YES",0.014
"bunny","hop","YES",0.027
"bunny","animal","YES",0.014
"bunny","snow","YES",0.014
"bus","car","YES",0.252
"bus","school","YES",0.079
"bus","stop","YES",0.063
"bus","ride","YES",0.055
"bus","people","YES",0.039
"bus","children","YES",0.016
"bus","travel","YES",0.016
"butt","cigarette","YES",0.185
"butt","head","YES",0.055
"butt","big","YES",0.034
"butt","cute","YES",0.021
"butt","leg","YES",0.014
"butt","ugly","YES",0.014
"butter","bread","YES",0.364
"butter","milk","YES",0.055
"butter","knife","YES",0.024
"butter","toast","YES",0.024
"butter","yellow","YES",0.018
"butter","egg","YES",0.012
"butter","fat","YES",0.012
"butterfly","pretty","YES",0.121
"butterfly","fly","YES",0.091
"butterfly","bird","YES",0.042
"butterfly","beautiful","YES",0.036
"butterfly","flower","YES",0.036
"butterfly","yellow","YES",0.018
"butterfly","bug","YES",0.012
"butterfly","dog","YES",0.012
"butterfly","soft","YES",0.012
"button","shirt","YES",0.24
"button","zipper","YES",0.11
"button","push","YES",0.055
"button","fly","YES",0.041
"button","pants","YES",0.041
"button","coat","YES",0.034
"button","jacket","YES",0.027
"button","dress","YES",0.021
"button","nose","YES",0.021
"button","red","YES",0.014
"buy","money","YES",0.122
"buy","food","YES",0.017
"buy","store","YES",0.017
"buy","car","YES",0.011
"buy","get","YES",0.011
"cabbage","green","YES",0.079
"cabbage","leaf","YES",0.029
"cabbage","red","YES",0.029
"cabbage","food","YES",0.022
"cabbage","head","YES",0.022
"cabbage","soup","YES",0.014
"cabbage","white","YES",0.014
"cake","ice cream","YES",0.12
"cake","chocolate","YES",0.087
"cake","eat","YES",0.076
"cake","food","YES",0.049
"cake","good","YES",0.033
"cake","walk","YES",0.033
"cake","fat","YES",0.027
"cake","sweet","YES",0.027
"cake","party","YES",0.022
"cake","cookie","YES",0.016
"calf","cow","YES",0.697
"calf","leg","YES",0.121
"calf","baby","YES",0.036
"calf","animal","YES",0.012
"camera","picture","YES",0.441
"camera","eye","YES",0.021
"can","soda","YES",0.074
"can","bottle","YES",0.047
"can","jar","YES",0.047
"can","do","YES",0.041
"can","soup","YES",0.034
"can","food","YES",0.027
"can","cup","YES",0.02
"can","trash","YES",0.014
"candle","light","YES",0.29
"candle","stick","YES",0.058
"candle","fire","YES",0.036
"candy","sweet","YES",0.336
"candy","chocolate","YES",0.049
"candy","good","YES",0.049
"candy","sugar","YES",0.049
"candy","apple","YES",0.035
"candy","store","YES",0.021
"candy","baby","YES",0.014
"candy","child","YES",0.014
"cap","hat","YES",0.709
"cap","head","YES",0.102
"cap","bottle","YES",0.024
"car","drive","YES",0.122
"car","truck","YES",0.111
"car","bicycle","YES",0.078
"car","boat","YES",0.061
"car","travel","YES",0.039
"car","bus","YES",0.022
"car","fast","YES",0.017
"car","money","YES",0.011
"car","ride","YES",0.011
"car","road","YES",0.011
"car","street","YES",0.011
"car","train","YES",0.011
"careful","easy","YES",0.03
"careful","baby","YES",0.015
"careful","be","YES",0.015
"careful","fall","YES",0.015
"carpet","floor","YES",0.159
"carpet","soft","YES",0.062
"carpet","red","YES",0.048
"carpet","house","YES",0.028
"carpet","bag","YES",0.021
"carpet","blue","YES",0.021
"carpet","green","YES",0.014
"carpet","vacuum","YES",0.014
"carrots","peas","YES",0.107
"carrots","bunny","YES",0.073
"carrots","food","YES",0.067
"carrots","eat","YES",0.013
"carrots","garden","YES",0.013
"carrots","good","YES",0.013
"carry","hold","YES",0.164
"carry","drop","YES",0.158
"carry","lift","YES",0.062
"carry","heavy","YES",0.055
"carry","bag","YES",0.041
"carry","book","YES",0.034
"carry","take","YES",0.034
"carry","out","YES",0.027
"carry","baby","YES",0.021
"carry","purse","YES",0.021
"carry","bring","YES",0.014
"carry","help","YES",0.014
"cat","dog","YES",0.513
"cat","mouse","YES",0.256
"catch","throw","YES",0.162
"catch","ball","YES",0.155
"catch","drop","YES",0.074
"catch","cold","YES",0.041
"catch","hold","YES",0.034
"catch","fall","YES",0.027
"catch","find","YES",0.014
"cereal","breakfast","YES",0.333
"cereal","milk","YES",0.204
"cereal","bowl","YES",0.031
"cereal","box","YES",0.031
"cereal","eat","YES",0.031
"cereal","cheerios","NO",0.02
"chair","table","YES",0.314
"chair","sit","YES",0.212
"chair","couch","YES",0.109
"chair","arm","YES",0.013
"chair","bed","YES",0.013
"chair","leg","YES",0.013
"cheek","fat","YES",0.291
"cheek","kiss","YES",0.132
"cheek","tongue","YES",0.06
"cheek","red","YES",0.046
"cheek","butt","YES",0.033
"cheek","mouth","YES",0.026
"cheek","soft","YES",0.02
"cheese","mouse","YES",0.176
"cheese","cracker","YES",0.17
"cheese","milk","YES",0.109
"cheese","cake","YES",0.067
"cheese","bread","YES",0.03
"cheese","eat","YES",0.024
"cheese","butter","YES",0.012
"chick","girl","YES",0.155
"chick","egg","YES",0.135
"chick","hen","YES",0.101
"chick","baby","YES",0.068
"chick","yellow","YES",0.041
"chick","bird","YES",0.034
"chick","duck","YES",0.02
"child","baby","YES",0.202
"child","boy","YES",0.051
"child","love","YES",0.03
"child","man","YES",0.03
"child","cry","YES",0.02
"child","girl","YES",0.02
"children","play","YES",0.121
"children","loud","YES",0.021
"children","laugh","YES",0.014
"children","love","YES",0.014
"children","school","YES",0.014
"chili","hot","YES",0.389
"chili","beans","YES",0.107
"chili","food","YES",0.054
"chili","pepper","YES",0.054
"chili","soup","YES",0.027
"chili","bowl","YES",0.02
"chili","cold","YES",0.02
"chili","warm","YES",0.02
"chili","cheese","YES",0.013
"chili","red","YES",0.013
"chocolate","candy","YES",0.196
"chocolate","sweet","YES",0.101
"chocolate","cake","YES",0.061
"chocolate","milk","YES",0.054
"chocolate","fat","YES",0.041
"chocolate","good","YES",0.02
"chocolate","ice cream","YES",0.02
"church","bell","YES",0.031
"cigarette","butt","YES",0.041
"cigarette","pipe","YES",0.02
"cigarette","bad","YES",0.014
"cigarette","light","YES",0.014
"click","clock","YES",0.26
"click","pen","YES",0.047
"click","mouse","YES",0.027
"click","bang","YES",0.02
"click","lock","YES",0.02
"click","phone","YES",0.02
"click","clap","NO",0.013
"click","hit","YES",0.013
"click","off","YES",0.013
"click","on","YES",0.013
"click","press","YES",0.013
"click","push","YES",0.013
"climb","tree","YES",0.216
"climb","fall","YES",0.074
"climb","up","YES",0.061
"climb","ladder","YES",0.047
"climb","jump","YES",0.041
"climb","rock","YES",0.041
"climb","descend","YES",0.014
"climb","down","YES",0.014
"clock","time","YES",0.652
"clock","radio","YES",0.012
"close","open","YES",0.448
"close","far","YES",0.124
"close","door","YES",0.09
"close","touch","YES",0.014
"closet","door","YES",0.082
"closet","room","YES",0.054
"closet","close","YES",0.034
"closet","drawer","YES",0.02
"closet","store","YES",0.02
"closet","dark","YES",0.014
"closet","hide","YES",0.014
"cloth","pants","YES",0.03
"cloth","rag","YES",0.03
"cloth","soft","YES",0.03
"cloth","wash","YES",0.03
"cloth","wear","YES",0.024
"cloth","shirt","YES",0.018
"cloth","towel","YES",0.018
"cloth","coat","YES",0.012
"cloth","cover","YES",0.012
"cloth","dish","YES",0.012
"cloth","table","YES",0.012
"cloth","wipe","YES",0.012
"cloud","sky","YES",0.346
"cloud","rain","YES",0.307
"cloud","white","YES",0.079
"cloud","soft","YES",0.031
"cloud","dark","YES",0.016
"clown","funny","YES",0.325
"clown","laugh","YES",0.15
"clown","happy","YES",0.085
"clown","paint","YES",0.024
"clown","smile","YES",0.024
"coat","jacket","YES",0.176
"coat","hat","YES",0.162
"coat","cold","YES",0.115
"coat","warm","YES",0.108
"coat","rain","YES",0.047
"coat","sweater","YES",0.027
"coat","cover","YES",0.02
"coat","heavy","YES",0.014
"coat","paint","YES",0.014
"coffee","tea","YES",0.442
"coffee","black","YES",0.061
"coffee","cup","YES",0.051
"coffee","milk","YES",0.041
"coffee","morning","YES",0.025
"coffee","table","YES",0.02
"coffee","break","YES",0.015
"coffee","sugar","YES",0.01
"cold","hot","YES",0.413
"cold","sick","YES",0.049
"cold","medicine","YES",0.043
"cold","snow","YES",0.033
"cold","warm","YES",0.033
"cold","feet","YES",0.011
"cold","wet","YES",0.011
"collect","money","YES",0.125
"collect","save","YES",0.028
"collect","get","YES",0.014
"come","go","YES",0.575
"come","here","YES",0.041
"come","away","YES",0.014
"come","home","YES",0.014
"come","leave","YES",0.014
"come","on","YES",0.014
"come","travel","YES",0.014
"computer","apple","YES",0.014
"computer","fast","YES",0.014
"cookie","chocolate","YES",0.25
"cookie","jar","YES",0.228
"cookie","eat","YES",0.054
"cookie","cake","YES",0.033
"cookie","milk","YES",0.033
"cookie","sweet","YES",0.027
"cookie","food","YES",0.022
"cookie","sugar","YES",0.022
"cookie","fat","YES",0.016
"cookie","good","YES",0.016
"cookie","candy","YES",0.011
"corridor","door","YES",0.079
"corridor","room","YES",0.046
"corridor","dark","YES",0.013
"couch","chair","YES",0.288
"couch","potato","YES",0.203
"couch","sit","YES",0.054
"couch","sleep","YES",0.02
"couch","bed","YES",0.014
"cough","cold","YES",0.277
"cough","sick","YES",0.162
"cough","drop","YES",0.02
"cough","laugh","YES",0.014
"cough","medicine","YES",0.014
"count","money","YES",0.092
"count","down","YES",0.021
"country","music","YES",0.101
"country","field","YES",0.02
"country","horse","YES",0.02
"country","beautiful","YES",0.014
"country","boy","YES",0.014
"country","green","YES",0.014
"cousin","aunt","YES",0.187
"cousin","family","YES",0.147
"cousin","uncle","YES",0.12
"cousin","friend","YES",0.06
"cousin","brother","YES",0.04
"cover","hide","YES",0.107
"cover","blanket","YES",0.093
"cover","up","YES",0.047
"cover","girl","YES",0.033
"cover","top","YES",0.033
"cover","close","YES",0.027
"cover","book","YES",0.02
"cover","bed","YES",0.013
"cover","car","YES",0.013
"cover","cloth","YES",0.013
"cover","open","YES",0.013
"cow","milk","YES",0.352
"cow","calf","YES",0.194
"cow","horse","YES",0.061
"cow","moo","YES",0.061
"cow","pig","YES",0.024
"cow","animal","YES",0.018
"cow","fat","YES",0.012
"cracker","cheese","YES",0.141
"cracker","cookie","YES",0.049
"cracker","food","YES",0.049
"cracker","soup","YES",0.042
"cracker","parrot","YES",0.028
"cracker","eat","YES",0.021
"cracker","bird","YES",0.014
"cracker","box","YES",0.014
"cradle","baby","YES",0.678
"cradle","hold","YES",0.062
"cradle","crib","YES",0.055
"cradle","rock","YES",0.048
"crayon","red","YES",0.081
"crayon","blue","YES",0.04
"crayon","child","YES",0.027
"crayon","draw","YES",0.027
"crayon","green","YES",0.027
"crayon","yellow","YES",0.013
"crib","baby","YES",0.842
"crib","bed","YES",0.065
"crib","house","YES",0.014
"croak","die","YES",0.472
"croak","frog","YES",0.378
"croak","cough","YES",0.011
"crocodile","animal","YES",0.021
"crocodile","boots","YES",0.021
"crocodile","bite","YES",0.014
"crocodile","green","YES",0.014
"crow","bird","YES",0.538
"crow","black","YES",0.117
"crow","eat","YES",0.021
"crow","fly","YES",0.021
"crow","caw","NO",0.014
"crow","rooster","YES",0.014
"cry","sad","YES",0.13
"cry","laugh","YES",0.116
"cry","baby","YES",0.109
"cry","hurt","YES",0.051
"cry","happy","YES",0.029
"cry","smile","YES",0.029
"cry","help","YES",0.022
"cry","loud","YES",0.014
"cucumber","green","YES",0.087
"cucumber","tomato","YES",0.071
"cucumber","garden","YES",0.032
"cup","glass","YES",0.148
"cup","coffee","YES",0.105
"cup","soup","YES",0.062
"cup","tea","YES",0.056
"cup","bowl","YES",0.043
"cup","spoon","YES",0.019
"cupboard","cup","YES",0.132
"cupboard","food","YES",0.072
"cupboard","kitchen","YES",0.072
"cupboard","glasses","YES",0.039
"cupboard","closet","YES",0.02
"cupboard","box","YES",0.013
"curtain","window","YES",0.189
"curtain","shower","YES",0.031
"curtain","close","YES",0.016
"curtain","cover","YES",0.016
"curtain","wall","YES",0.016
"cute","pretty","YES",0.203
"cute","ugly","YES",0.135
"cute","sweet","YES",0.113
"cute","puppy","YES",0.057
"cute","girl","YES",0.035
"cute","nice","YES",0.035
"cute","baby","YES",0.014
"cute","button","YES",0.014
"cute","fine","YES",0.014
"cute","hot","YES",0.014
"cute","me","YES",0.014
"dance","music","YES",0.101
"dance","sing","YES",0.081
"dance","party","YES",0.068
"dance","fast","YES",0.02
"dance","slow","YES",0.02
"dance","ball","YES",0.014
"dance","happy","YES",0.014
"dance","rock","YES",0.014
"dance","sit","YES",0.014
"dark","light","YES",0.428
"dark","night","YES",0.211
"dark","black","YES",0.111
"dark","room","YES",0.044
"dark","scary","YES",0.028
"dark","cold","YES",0.017
"day","night","YES",0.819
"day","light","YES",0.022
"day","sun","YES",0.022
"day","time","YES",0.022
"day","break","YES",0.014
"deer","animal","YES",0.125
"deer","fawn","YES",0.042
"deer","run","YES",0.028
"deer","car","YES",0.021
"descend","fall","YES",0.26
"descend","down","YES",0.178
"descend","come","YES",0.048
"descend","go","YES",0.048
"descend","lower","YES",0.041
"descend","leave","YES",0.034
"descend","climb","YES",0.021
"descend","stairs","YES",0.021
"diaper","baby","YES",0.591
"diaper","dirty","YES",0.084
"diaper","child","YES",0.019
"diaper","cloth","YES",0.019
"diaper","paper","YES",0.013
"die","croak","YES",0.05
"die","old","YES",0.022
"die","sad","YES",0.022
"die","black","YES",0.011
"die","hard","YES",0.011
"different","same","YES",0.48
"different","people","YES",0.02
"dig","shovel","YES",0.32
"dig","ground","YES",0.021
"dinner","eat","YES",0.114
"dinner","lunch","YES",0.096
"dinner","food","YES",0.088
"dirty","smell","YES",0.171
"dirty","mud","YES",0.041
"dirty","black","YES",0.034
"dirty","shower","YES",0.014
"dish","plate","YES",0.315
"dish","bowl","YES",0.133
"dish","food","YES",0.073
"dish","cup","YES",0.061
"dish","wash","YES",0.036
"dish","break","YES",0.024
"dish","eat","YES",0.024
"dish","glass","YES",0.024
"dish","spoon","YES",0.024
"dish","butter","YES",0.012
"dish","cat","YES",0.012
"do","don't","NO",0.456
"do","go","YES",0.033
"do","it","NO",0.022
"do","stop","YES",0.022
"do","make","YES",0.017
"do","be","YES",0.011
"do","finish","YES",0.011
"do","good","YES",0.011
"doctor","medicine","YES",0.066
"doctor","sick","YES",0.051
"doctor","help","YES",0.03
"dog","cat","YES",0.667
"dog","puppy","YES",0.115
"dog","animal","YES",0.026
"dog","friend","YES",0.019
"dog","house","YES",0.019
"doll","house","YES",0.231
"doll","baby","YES",0.128
"doll","girl","YES",0.122
"doll","play","YES",0.058
"doll","child","YES",0.051
"doll","pretty","YES",0.032
"doll","rag","YES",0.019
"doll","dress","YES",0.013
"doll","paper","YES",0.013
"donkey","horse","YES",0.135
"donkey","animal","YES",0.047
"donkey","monkey","YES",0.014
"donkey","ride","YES",0.014
"donkey","slow","YES",0.014
"door","open","YES",0.183
"door","window","YES",0.156
"door","close","YES",0.044
"door","lock","YES",0.044
"door","jam","YES",0.022
"door","stop","YES",0.022
"door","room","YES",0.017
"door","bell","YES",0.011
"door","house","YES",0.011
"door","wall","YES",0.011
"down","up","YES",0.581
"down","under","YES",0.088
"down","elevator","YES",0.02
"down","fall","YES",0.02
"down","out","YES",0.02
"down","descend","YES",0.014
"down","lower","YES",0.014
"draw","picture","YES",0.222
"draw","paint","YES",0.12
"draw","write","YES",0.114
"draw","back","YES",0.012
"draw","crayon","YES",0.012
"draw","paper","YES",0.012
"drawer","pull","YES",0.048
"drawer","closet","YES",0.024
"dress","pants","YES",0.22
"dress","skirt","YES",0.165
"dress","girl","YES",0.063
"dress","pretty","YES",0.055
"dress","woman","YES",0.024
"dress","red","YES",0.016
"dress","shirt","YES",0.016
"dress","up","YES",0.016
"dress","wear","YES",0.016
"drive","car","YES",0.48
"drive","fast","YES",0.095
"drive","in","YES",0.034
"drive","walk","YES",0.027
"drive","slow","YES",0.02
"drive","fly","YES",0.014
"drive","go","YES",0.014
"drive","stop","YES",0.014
"drop","fall","YES",0.234
"drop","break","YES",0.08
"drop","rain","YES",0.036
"drop","down","YES",0.022
"drop","hold","YES",0.022
"drop","leave","YES",0.022
"drop","out","YES",0.022
"drop","throw","YES",0.022
"drop","cloth","YES",0.015
"drop","spill","YES",0.015
"drum","stick","YES",0.25
"drum","hit","YES",0.013
"drum","music","YES",0.013
"duck","goose","YES",0.162
"duck","bird","YES",0.101
"duck","soup","YES",0.074
"duck","animal","YES",0.034
"duck","swim","YES",0.014
"dump","trash","YES",0.218
"dump","truck","YES",0.067
"dump","throw","YES",0.04
"dump","dirty","YES",0.033
"dump","drop","YES",0.02
"dust","rag","YES",0.041
"dust","old","YES",0.034
"dust","vacuum","YES",0.02
"dust","wind","YES",0.02
"dust","cloud","YES",0.014
"dust","room","YES",0.014
"dust","sand","YES",0.014
"dustpan","broom","YES",0.473
"dustpan","sweep","YES",0.095
"dustpan","dust","YES",0.047
"ear","hear","YES",0.261
"ear","nose","YES",0.148
"ear","head","YES",0.077
"ear","drum","YES",0.014
"ear","eye","YES",0.014
"ear","phone","YES",0.014
"early","late","YES",0.507
"early","morning","YES",0.264
"early","bird","YES",0.061
"early","clock","YES",0.014
"earth","ground","YES",0.174
"earth","moon","YES",0.143
"earth","sky","YES",0.055
"earth","sun","YES",0.055
"earth","wind","YES",0.024
"easy","hard","YES",0.582
"easy","quick","YES",0.034
"easy","money","YES",0.014
"eat","food","YES",0.409
"eat","fat","YES",0.061
"eat","mouse","YES",0.022
"eat","sleep","YES",0.017
"egg","breakfast","YES",0.036
"egg","eat","YES",0.024
"egg","hen","YES",0.024
"egg","white","YES",0.024
"egg","ham","YES",0.018
"egg","toast","YES",0.018
"egg","yellow","YES",0.018
"egg","break","YES",0.012
"egg","milk","YES",0.012
"elephant","big","YES",0.171
"elephant","mouse","YES",0.089
"elephant","animal","YES",0.048
"elephant","ear","YES",0.048
"elephant","peanut","YES",0.034
"elephant","fat","YES",0.021
"elephant","giraffe","YES",0.021
"elephant","man","YES",0.021
"elephant","zoo","YES",0.021
"elevator","up","YES",0.291
"elevator","lift","YES",0.088
"elevator","box","YES",0.027
"elevator","down","YES",0.027
"elevator","door","YES",0.02
"elevator","button","YES",0.014
"elevator","car","YES",0.014
"elevator","floor","YES",0.014
"elevator","music","YES",0.014
"elevator","store","YES",0.014
"elk","deer","YES",0.423
"elk","animal","YES",0.051
"elk","tree","YES",0.032
"empty","full","YES",0.611
"empty","head","YES",0.034
"empty","box","YES",0.027
"empty","jar","YES",0.027
"empty","nothing","YES",0.027
"empty","can","YES",0.013
"enough","full","YES",0.116
"enough","stop","YES",0.096
"enough","more","YES",0.041
"enough","finish","YES",0.027
"enough","food","YES",0.021
"enough","all","YES",0.014
"enough","money","YES",0.014
"enter","leave","YES",0.13
"enter","in","YES",0.089
"enter","go","YES",0.034
"enter","door","YES",0.027
"enter","computer","YES",0.021
"enter","open","YES",0.014
"evening","night","YES",0.417
"evening","morning","YES",0.141
"evening","dark","YES",0.096
"evening","day","YES",0.077
"evening","late","YES",0.013
"eye","see","YES",0.362
"eye","glasses","YES",0.071
"eye","nose","YES",0.071
"eye","ear","YES",0.063
"eye","face","YES",0.024
"eye","look","YES",0.016
"face","nose","YES",0.11
"face","smile","YES",0.11
"face","person","YES",0.063
"face","head","YES",0.055
"face","pretty","YES",0.055
"face","lift","YES",0.047
"face","hair","YES",0.039
"face","hand","YES",0.024
"face","beautiful","YES",0.016
"face","mirror","YES",0.016
"fall","down","YES",0.081
"fall","hurt","YES",0.047
"fall","cold","YES",0.02
"fall","catch","YES",0.013
"fall","drop","YES",0.013
"fall","stand","YES",0.013
"family","love","YES",0.172
"family","friend","YES",0.111
"family","home","YES",0.101
"family","child","YES",0.02
"family","close","YES",0.02
"family","big","YES",0.01
"family","brother","YES",0.01
"family","doctor","YES",0.01
"family","good","YES",0.01
"family","house","YES",0.01
"family","people","YES",0.01
"far","close","YES",0.088
"far","away","YES",0.082
"far","home","YES",0.02
"fast","slow","YES",0.598
"fast","quick","YES",0.087
"fast","run","YES",0.055
"fast","car","YES",0.024
"fat","thin","YES",0.201
"fat","cat","YES",0.054
"fat","ugly","YES",0.049
"fat","lady","YES",0.043
"fat","big","YES",0.038
"fat","cow","YES",0.033
"fat","boy","YES",0.016
"fat","man","YES",0.016
"fat","pig","YES",0.016
"faucet","sink","YES",0.155
"fawn","deer","YES",0.534
"fawn","bird","YES",0.041
"feed","eat","YES",0.392
"feed","food","YES",0.118
"feed","horse","YES",0.039
"feed","animal","YES",0.031
"feed","baby","YES",0.031
"feed","hungry","YES",0.031
"feed","bird","YES",0.024
"feed","cow","YES",0.016
"feet","leg","YES",0.068
"feet","smell","YES",0.047
"feet","foot","YES",0.034
"feet","walk","YES",0.02
"feet","big","YES",0.014
"field","grass","YES",0.076
"field","mouse","YES",0.03
"field","play","YES",0.025
"field","flower","YES",0.02
"field","yard","YES",0.02
"field","ball","YES",0.01
"field","day","YES",0.01
"field","green","YES",0.01
"field","house","YES",0.01
"field","open","YES",0.01
"fight","box","YES",0.081
"fight","hurt","YES",0.068
"fight","hit","YES",0.02
"fight","boy","YES",0.014
"fight","love","YES",0.014
"find","look","YES",0.072
"find","seek","YES",0.072
"find","happy","YES",0.011
"fine","good","YES",0.112
"fine","thin","YES",0.077
"fine","hair","YES",0.049
"fine","money","YES",0.042
"fine","nice","YES",0.035
"fine","well","YES",0.021
"fine","cute","YES",0.014
"fine","pen","YES",0.014
"fine","soft","YES",0.014
"finger","hand","YES",0.268
"finger","thumb","YES",0.141
"finger","toe","YES",0.091
"finger","paint","YES",0.015
"finger","bird","YES",0.01
"finger","nose","YES",0.01
"finish","begin","YES",0.027
"fire","hot","YES",0.285
"fire","red","YES",0.03
"fire","truck","YES",0.03
"fire","house","YES",0.024
"fire","fireplace","YES",0.018
"fire","rain","YES",0.018
"fireplace","warm","YES",0.188
"fireplace","fire","YES",0.181
"fireplace","hot","YES",0.027
"flee","run","YES",0.592
"flee","leave","YES",0.071
"flee","fight","YES",0.022
"flee","market","YES",0.022
"flee","go","YES",0.016
"flee","fly","YES",0.011
"flee","scared","YES",0.011
"flip","turn","YES",0.116
"flip","jump","YES",0.027
"flip","out","YES",0.021
"flip","bird","YES",0.014
"flip","hair","YES",0.014
"flip","somersault","NO",0.014
"flip","top","YES",0.014
"floor","carpet","YES",0.074
"floor","hard","YES",0.074
"floor","ground","YES",0.043
"floor","door","YES",0.021
"floor","house","YES",0.021
"floor","roof","YES",0.021
"flower","smell","YES",0.079
"flower","pretty","YES",0.067
"flower","plant","YES",0.061
"flower","pot","YES",0.048
"flower","garden","YES",0.036
"flower","bed","YES",0.012
"flower","child","YES",0.012
"flower","sun","YES",0.012
"flower","tree","YES",0.012
"fly","bug","YES",0.223
"fly","airplane","YES",0.076
"fly","mosquito","YES",0.041
"fly","soup","YES",0.03
"fly","paper","YES",0.025
"fly","bird","YES",0.02
"fly","dirty","YES",0.02
"fly","wall","YES",0.02
"fly","away","YES",0.01
"fly","swim","YES",0.01
"food","eat","YES",0.406
"food","hungry","YES",0.033
"food","fat","YES",0.022
"food","good","YES",0.022
"food","fruit","YES",0.017
"food","apple","YES",0.011
"food","lunch","YES",0.011
"food","mouth","YES",0.011
"foot","shoe","YES",0.337
"foot","toe","YES",0.235
"foot","hand","YES",0.122
"foot","ball","YES",0.071
"foot","leg","YES",0.061
"foot","feet","YES",0.031
"foot","big","YES",0.02
"foot","walk","YES",0.02
"for","you","YES",0.105
"for","to","NO",0.086
"for","me","YES",0.072
"for","give","YES",0.033
"for","after","YES",0.02
"for","what","YES",0.02
"forehead","face","YES",0.25
"forehead","head","YES",0.135
"forehead","hair","YES",0.068
"forehead","big","YES",0.034
"forehead","chin","NO",0.034
"forehead","nose","YES",0.027
"fork","spoon","YES",0.441
"fork","knife","YES",0.37
"fork","eat","YES",0.039
"fork","lift","YES",0.039
"fork","food","YES",0.031
"fox","animal","YES",0.127
"fox","dog","YES",0.067
"fox","red","YES",0.047
"fox","wolf","YES",0.04
"fox","coat","YES",0.013
"fox","cute","YES",0.013
"fox","quick","YES",0.013
"fox","smart","YES",0.013
"fox","ugly","YES",0.013
"friend","girl","YES",0.072
"friend","good","YES",0.028
"friend","boy","YES",0.022
"friend","neighbor","YES",0.022
"friend","close","YES",0.017
"friend","love","YES",0.017
"friend","happy","YES",0.011
"friend","nice","YES",0.011
"frog","green","YES",0.075
"frog","jump","YES",0.068
"frog","hop","YES",0.055
"frog","fly","YES",0.034
"frog","ugly","YES",0.021
"frog","animal","YES",0.014
"front","back","YES",0.715
"front","face","YES",0.014
"frost","cold","YES",0.37
"frost","snow","YES",0.255
"frost","bite","YES",0.133
"frost","fall","YES",0.012
"frost","white","YES",0.012
"fruit","apple","YES",0.223
"fruit","banana","YES",0.065
"fruit","cake","YES",0.06
"fruit","sweet","YES",0.033
"fruit","cup","YES",0.027
"fruit","eat","YES",0.027
"fruit","juice","YES",0.027
"fruit","can","YES",0.016
"fruit","fly","YES",0.011
"fruit","tree","YES",0.011
"full","empty","YES",0.577
"full","food","YES",0.02
"full","hungry","YES",0.013
"funny","laugh","YES",0.351
"funny","sad","YES",0.074
"funny","happy","YES",0.034
"funny","clown","YES",0.027
"funny","smile","YES",0.02
"garage","car","YES",0.519
"garage","door","YES",0.123
"garage","house","YES",0.052
"garage","dirty","YES",0.026
"garage","man","YES",0.019
"garage","empty","YES",0.013
"garage","smell","YES",0.013
"garden","flower","YES",0.391
"garden","plant","YES",0.119
"garden","food","YES",0.013
"garden","peas","YES",0.013
"garden","pretty","YES",0.013
"garden","tomato","YES",0.013
"gentle","soft","YES",0.196
"gentle","touch","YES",0.042
"gentle","nice","YES",0.035
"gentle","man","YES",0.021
"gentle","hard","YES",0.014
"gentle","sweet","YES",0.014
"gentle","warm","YES",0.014
"get","take","YES",0.122
"get","give","YES",0.094
"get","have","YES",0.044
"get","bring","YES",0.022
"get","smart","YES",0.022
"get","well","YES",0.022
"get","away","YES",0.017
"get","money","YES",0.017
"get","buy","YES",0.011
"get","go","YES",0.011
"get","need","YES",0.011
"get","out","YES",0.011
"giraffe","neck","YES",0.298
"giraffe","animal","YES",0.119
"giraffe","zoo","YES",0.079
"giraffe","elephant","YES",0.04
"girl","boy","YES",0.738
"girl","friend","YES",0.034
"girl","woman","YES",0.034
"girl","pretty","YES",0.027
"girl","lady","YES",0.013
"give","take","YES",0.444
"give","get","YES",0.061
"give","away","YES",0.033
"give","up","YES",0.022
"give","present","YES",0.017
"give","money","YES",0.011
"glass","window","YES",0.144
"glass","cup","YES",0.133
"glass","break","YES",0.087
"glass","jar","YES",0.046
"glass","bottle","YES",0.021
"glass","eye","YES",0.01
"glass","house","YES",0.01
"glass","juice","YES",0.01
"glass","mirror","YES",0.01
"glasses","see","YES",0.101
"glasses","sun","YES",0.074
"glasses","face","YES",0.027
"glasses","read","YES",0.02
"glasses","break","YES",0.013
"gloves","cold","YES",0.087
"gloves","warm","YES",0.067
"gloves","white","YES",0.053
"gloves","mittens","NO",0.033
"gloves","doctor","YES",0.02
"gloves","scarf","YES",0.02
"gloves","hat","YES",0.013
"go","stop","YES",0.539
"go","come","YES",0.128
"go","leave","YES",0.061
"go","green","YES",0.028
"go","away","YES",0.022
"go","run","YES",0.017
"go","begin","YES",0.011
"go","fast","YES",0.011
"go","to","NO",0.011
"goal","field","YES",0.02
"goat","milk","YES",0.243
"goat","sheep","YES",0.111
"goat","animal","YES",0.062
"goat","cow","YES",0.042
"goat","cheese","YES",0.021
"goat","white","YES",0.014
"good","bad","YES",0.758
"good","happy","YES",0.018
"good","nice","YES",0.012
"goose","duck","YES",0.261
"goose","egg","YES",0.091
"goose","bird","YES",0.073
"goose","neck","YES",0.036
"goose","animal","YES",0.024
"goose","hen","YES",0.018
"goose","fly","YES",0.012
"grandma","grandpa","YES",0.538
"grandma","old","YES",0.098
"grandma","love","YES",0.038
"grandma","cookie","YES",0.023
"grandma","nice","YES",0.023
"grandma","woman","YES",0.015
"grandpa","grandma","YES",0.553
"grandpa","old","YES",0.107
"grandpa","love","YES",0.053
"grandpa","family","YES",0.033
"grandpa","man","YES",0.027
"grass","green","YES",0.364
"grass","lawn","YES",0.087
"grass","pot","YES",0.027
"grass","high","YES",0.016
"grass","yard","YES",0.011
"green","grass","YES",0.25
"green","yellow","YES",0.125
"green","blue","YES",0.118
"green","red","YES",0.035
"green","leaf","YES",0.028
"green","frog","YES",0.021
"green","apple","YES",0.014
"green","go","YES",0.014
"green","money","YES",0.014
"green","tree","YES",0.014
"greet","hello","YES",0.318
"greet","hi","NO",0.093
"greet","smile","YES",0.053
"greet","wave","YES",0.02
"greet","happy","YES",0.013
"grocery","store","YES",0.425
"grocery","food","YES",0.275
"grocery","bag","YES",0.039
"grocery","market","YES",0.02
"grocery","milk","YES",0.013
"ground","floor","YES",0.164
"ground","earth","YES",0.152
"ground","grass","YES",0.079
"ground","sky","YES",0.055
"ground","hard","YES",0.042
"ground","sand","YES",0.012
"hair","brush","YES",0.207
"hair","head","YES",0.043
"hair","black","YES",0.027
"hair","hat","YES",0.022
"hair","wash","YES",0.022
"ham","pig","YES",0.192
"ham","cheese","YES",0.083
"ham","meat","YES",0.083
"ham","sandwich","YES",0.045
"ham","food","YES",0.032
"ham","turkey","YES",0.019
"hammer","nail","YES",0.8
"hammer","hit","YES",0.022
"hammer","head","YES",0.011
"hand","finger","YES",0.358
"hand","foot","YES",0.158
"hand","arm","YES",0.103
"hand","shake","YES",0.024
"hand","touch","YES",0.024
"hand","write","YES",0.024
"hand","ball","YES",0.012
"hand","hold","YES",0.012
"hand","leg","YES",0.012
"hand","nail","YES",0.012
"hand","wash","YES",0.012
"hand","wave","YES",0.012
"happy","sad","YES",0.628
"happy","smile","YES",0.108
"happy","face","YES",0.027
"happy","laugh","YES",0.027
"hard","soft","YES",0.564
"hard","rock","YES",0.114
"hard","easy","YES",0.034
"hard","nail","YES",0.027
"hard","school","YES",0.013
"hat","head","YES",0.359
"hat","coat","YES",0.103
"hat","cap","YES",0.06
"hat","hair","YES",0.06
"hat","cat","YES",0.049
"hat","top","YES",0.033
"hat","black","YES",0.016
"hat","box","YES",0.011
"hat","man","YES",0.011
"hat","sun","YES",0.011
"have","hold","YES",0.128
"have","not","YES",0.072
"have","give","YES",0.067
"have","get","YES",0.039
"have","take","YES",0.022
"have","mine","YES",0.017
"he","she","YES",0.776
"he","man","YES",0.099
"he","him","YES",0.046
"he","boy","YES",0.026
"head","hair","YES",0.186
"head","toe","YES",0.082
"head","face","YES",0.062
"head","feet","YES",0.052
"head","hat","YES",0.031
"head","neck","YES",0.031
"head","pot","YES",0.031
"head","top","YES",0.031
"hear","ear","YES",0.189
"hear","see","YES",0.156
"hear","music","YES",0.022
"hear","talk","YES",0.011
"heavy","light","YES",0.361
"heavy","fat","YES",0.028
"heavy","rock","YES",0.028
"heavy","big","YES",0.021
"heavy","dark","YES",0.014
"heavy","lift","YES",0.014
"heavy","music","YES",0.014
"hello","hi","NO",0.129
"hello","again","YES",0.014
"hello","phone","YES",0.014
"hello","smile","YES",0.014
"help","me","YES",0.179
"help","hurt","YES",0.043
"help","need","YES",0.033
"help","cry","YES",0.027
"help","save","YES",0.027
"help","fire","YES",0.022
"help","now","YES",0.022
"help","please","YES",0.022
"help","friend","YES",0.016
"help","no","YES",0.016
"help","shout","YES",0.016
"help","leave","YES",0.011
"help","person","YES",0.011
"help","stop","YES",0.011
"hen","rooster","YES",0.196
"hen","egg","YES",0.122
"hen","bird","YES",0.02
"hen","chick","YES",0.02
"hen","house","YES",0.02
"hen","goose","YES",0.014
"her","him","YES",0.432
"her","his","NO",0.243
"her","she","YES",0.149
"her","girl","YES",0.047
"her","woman","YES",0.027
"her","hair","YES",0.014
"her","he","YES",0.014
"here","there","YES",0.632
"here","now","YES",0.243
"here","present","YES",0.02
"hide","seek","YES",0.385
"hide","find","YES",0.119
"hide","run","YES",0.091
"hide","out","YES",0.028
"hide","away","YES",0.021
"high","up","YES",0.034
"high","fly","YES",0.014
"high","school","YES",0.014
"high","sky","YES",0.014
"him","her","YES",0.811
"him","he","YES",0.031
"hit","run","YES",0.158
"hit","ball","YES",0.114
"hit","hard","YES",0.098
"hit","hurt","YES",0.071
"hit","back","YES",0.011
"hit","car","YES",0.011
"hit","fight","YES",0.011
"hit","man","YES",0.011
"hold","drop","YES",0.068
"hold","hug","YES",0.068
"hold","hand","YES",0.047
"hold","carry","YES",0.02
"hold","on","YES",0.02
"hold","phone","YES",0.02
"hold","close","YES",0.014
"hold","out","YES",0.014
"hold","touch","YES",0.014
"home","house","YES",0.333
"home","family","YES",0.061
"home","sick","YES",0.054
"home","away","YES",0.041
"home","love","YES",0.034
"home","sweet","YES",0.02
"home","far","YES",0.014
"home","nice","YES",0.014
"home","plate","YES",0.014
"honey","sweet","YES",0.451
"honey","bee","YES",0.235
"honey","bear","YES",0.058
"honey","sugar","YES",0.026
"honey","pot","YES",0.013
"honey","tea","YES",0.013
"hop","jump","YES",0.417
"hop","bunny","YES",0.047
"horse","ride","YES",0.261
"horse","pony","YES",0.109
"horse","cow","YES",0.091
"horse","animal","YES",0.079
"horse","shoe","YES",0.018
"horse","dog","YES",0.012
"horse","donkey","YES",0.012
"horse","meat","YES",0.012
"hot","cold","YES",0.676
"hot","warm","YES",0.034
"hot","dog","YES",0.014
"house","home","YES",0.582
"house","family","YES",0.03
"house","roof","YES",0.024
"house","boat","YES",0.018
"house","room","YES",0.018
"house","yard","YES",0.018
"house","dog","YES",0.012
"house","paint","YES",0.012
"how","why","YES",0.412
"how","to","NO",0.068
"how","what","YES",0.047
"how","do","YES",0.027
"how","much","YES",0.027
"how","where","YES",0.027
"how","can","YES",0.02
"how","who","YES",0.02
"hug","kiss","YES",0.411
"hug","love","YES",0.133
"hug","hold","YES",0.039
"hug","bear","YES",0.011
"hug","touch","YES",0.011
"hungry","food","YES",0.274
"hungry","full","YES",0.089
"hungry","thirsty","YES",0.052
"hungry","eat","YES",0.03
"hungry","lunch","YES",0.015
"hungry","tired","YES",0.015
"hungry","wolf","YES",0.015
"hurry","fast","YES",0.311
"hurry","run","YES",0.074
"hurry","quick","YES",0.067
"hurry","slow","YES",0.052
"hurry","up","YES",0.037
"hurry","now","YES",0.022
"hurt","ouch","YES",0.055
"hurt","cry","YES",0.048
"hurt","sad","YES",0.018
"hurt","sick","YES",0.018
"hurt","fall","YES",0.012
"hurt","hit","YES",0.012
"hurt","stop","YES",0.012
"i","me","YES",0.653
"i","you","YES",0.1
"i","eye","YES",0.04
"i","self","YES",0.04
"ice cream","cold","YES",0.271
"ice cream","chocolate","YES",0.1
"ice cream","sweet","YES",0.05
"ice cream","milk","YES",0.043
"ice cream","yogurt","YES",0.043
"ice cream","sandwich","YES",0.036
"ice cream","candy","YES",0.014
"ice cream","food","YES",0.014
"in","out","YES",0.94
"in","door","YES",0.013
"inside","outside","YES",0.587
"inside","out","YES",0.2
"inside","house","YES",0.013
"inside","warm","YES",0.013
"jacket","coat","YES",0.564
"jacket","sweater","YES",0.096
"jacket","cold","YES",0.058
"jacket","pants","YES",0.032
"jacket","warm","YES",0.019
"jacket","shirt","YES",0.013
"jacket","wear","YES",0.013
"jacket","yellow","YES",0.013
"jam","bread","YES",0.054
"jam","toast","YES",0.02
"jam","butter","YES",0.014
"jam","music","YES",0.014
"jam","sweet","YES",0.014
"jar","glass","YES",0.116
"jar","can","YES",0.082
"jar","cookie","YES",0.082
"jar","jam","YES",0.075
"jar","open","YES",0.062
"jar","bottle","YES",0.014
"jar","cup","YES",0.014
"jeans","pants","YES",0.372
"jeans","blue","YES",0.257
"jeans","shirt","YES",0.047
"jeans","jacket","YES",0.014
"jeans","shorts","YES",0.014
"jeep","car","YES",0.24
"jeep","truck","YES",0.158
"jeep","mud","YES",0.034
"jeep","green","YES",0.014
"jeep","mine","YES",0.014
"juice","apple","YES",0.07
"juice","fruit","YES",0.035
"juice","milk","YES",0.014
"juice","morning","YES",0.014
"juice","sweet","YES",0.014
"jump","rope","YES",0.228
"jump","hop","YES",0.139
"jump","up","YES",0.094
"jump","high","YES",0.072
"jump","run","YES",0.056
"jump","fall","YES",0.033
"jump","sit","YES",0.017
"jump","shout","YES",0.011
"kangaroo","jump","YES",0.136
"kangaroo","animal","YES",0.123
"kangaroo","hop","YES",0.123
"kangaroo","giraffe","YES",0.019
"kangaroo","baby","YES",0.013
"keys","car","YES",0.36
"keys","door","YES",0.133
"keys","lock","YES",0.1
"keys","house","YES",0.08
"keys","open","YES",0.04
"kick","ball","YES",0.29
"kick","hit","YES",0.118
"kick","hurt","YES",0.079
"kick","foot","YES",0.039
"kick","leg","YES",0.024
"kick","throw","YES",0.024
"kick","butt","YES",0.016
"kick","grass","YES",0.016
"kiss","love","YES",0.231
"kiss","hug","YES",0.224
"kiss","mouth","YES",0.045
"kiss","nice","YES",0.019
"kiss","touch","YES",0.019
"kiss","soft","YES",0.013
"kiss","sweet","YES",0.013
"kitchen","sink","YES",0.173
"kitchen","food","YES",0.162
"kitchen","stove","YES",0.056
"kitchen","room","YES",0.03
"kitchen","floor","YES",0.025
"kitchen","bathroom","YES",0.015
"kitchen","door","YES",0.015
"kitchen","house","YES",0.015
"kitchen","knife","YES",0.015
"kitchen","pot","YES",0.015
"kitchen","table","YES",0.015
"kitchen","bedroom","YES",0.01
"kitchen","dish","YES",0.01
"kitchen","eat","YES",0.01
"knee","leg","YES",0.355
"knee","cap","YES",0.04
"knee","foot","YES",0.032
"knee","calf","YES",0.025
"knee","arm","YES",0.024
"knife","fork","YES",0.327
"knife","spoon","YES",0.051
"knife","butter","YES",0.013
"knife","fight","YES",0.013
"knife","hurt","YES",0.013
"knife","pen","YES",0.013
"ladder","climb","YES",0.338
"ladder","up","YES",0.103
"ladder","fall","YES",0.048
"ladder","roof","YES",0.041
"ladder","paint","YES",0.034
"ladder","high","YES",0.028
"ladder","house","YES",0.014
"lady","man","YES",0.371
"lady","woman","YES",0.244
"lady","girl","YES",0.036
"lady","dog","YES",0.015
"lady","dress","YES",0.015
"lady","pretty","YES",0.015
"lady","beautiful","YES",0.01
"lady","bug","YES",0.01
"lady","old","YES",0.01
"lady","red","YES",0.01
"lamb","sheep","YES",0.333
"lamb","goat","YES",0.063
"lamb","soft","YES",0.04
"lamb","white","YES",0.024
"lamb","animal","YES",0.016
"lamb","calf","YES",0.016
"lamb","tiger","YES",0.016
"lamb","wolf","YES",0.016
"lamp","light","YES",0.769
"lamp","table","YES",0.019
"late","early","YES",0.473
"late","night","YES",0.162
"late","clock","YES",0.014
"late","evening","YES",0.014
"late","party","YES",0.014
"late","show","YES",0.014
"late","time","YES",0.014
"laugh","cry","YES",0.479
"laugh","happy","YES",0.139
"laugh","smile","YES",0.091
"laugh","funny","YES",0.055
"lawn","grass","YES",0.397
"lawn","green","YES",0.13
"lawn","chair","YES",0.033
"lawn","yard","YES",0.022
"lawn","boy","YES",0.011
"lawn","garden","YES",0.011
"leaf","tree","YES",0.642
"leaf","green","YES",0.042
"leaf","plant","YES",0.042
"leaf","fall","YES",0.036
"leaf","flower","YES",0.012
"leaf","pot","YES",0.012
"leave","come","YES",0.194
"leave","go","YES",0.194
"leave","home","YES",0.035
"leave","away","YES",0.028
"leave","now","YES",0.028
"leave","take","YES",0.021
"leave","walk","YES",0.021
"leave","wait","YES",0.014
"leg","arm","YES",0.503
"leg","foot","YES",0.206
"leg","walk","YES",0.036
"leg","knee","YES",0.024
"leg","run","YES",0.024
"leg","broken","YES",0.018
"lemon","tree","YES",0.051
"lemon","fruit","YES",0.045
"lemon","yellow","YES",0.045
"lemon","car","YES",0.032
"lemon","apple","YES",0.013
"lick","tongue","YES",0.172
"lick","lollipop","YES",0.113
"lick","dog","YES",0.073
"lick","ice cream","YES",0.04
"lick","spit","YES",0.033
"lick","bite","YES",0.013
"lick","stick","YES",0.013
"lick","wet","YES",0.013
"lie","bad","YES",0.03
"lie","white","YES",0.015
"lie","tell","YES",0.01
"lift","up","YES",0.183
"lift","drop","YES",0.1
"lift","carry","YES",0.089
"lift","heavy","YES",0.089
"lift","lower","YES",0.033
"lift","pull","YES",0.033
"lift","elevator","YES",0.022
"lift","push","YES",0.017
"lift","high","YES",0.011
"lift","hold","YES",0.011
"lift","open","YES",0.011
"lift","take","YES",0.011
"lift","truck","YES",0.011
"light","dark","YES",0.371
"light","day","YES",0.053
"light","sun","YES",0.04
"light","house","YES",0.026
"light","lamp","YES",0.02
"light","on","YES",0.02
"light","see","YES",0.013
"lion","tiger","YES",0.362
"lion","cat","YES",0.085
"lion","animal","YES",0.064
"lion","bear","YES",0.021
"living room","couch","YES",0.144
"living room","house","YES",0.085
"living room","family","YES",0.059
"living room","bedroom","YES",0.033
"living room","chair","YES",0.033
"living room","table","YES",0.026
"living room","home","YES",0.02
"living room","kitchen","YES",0.02
"living room","sit","YES",0.013
"lock","door","YES",0.2
"lock","close","YES",0.033
"lock","open","YES",0.033
"lock","out","YES",0.017
"lock","bicycle","YES",0.011
"lollipop","candy","YES",0.412
"lollipop","sweet","YES",0.068
"lollipop","lick","YES",0.041
"lollipop","child","YES",0.02
"lollipop","food","YES",0.014
"look","see","YES",0.678
"look","eye","YES",0.039
"look","out","YES",0.028
"look","read","YES",0.011
"loud","soft","YES",0.333
"loud","music","YES",0.018
"loud","shout","YES",0.012
"loud","shut up","NO",0.012
"love","kiss","YES",0.056
"love","happy","YES",0.028
"love","close","YES",0.011
"love","girl","YES",0.011
"love","hug","YES",0.011
"love","nice","YES",0.011
"lower","down","YES",0.041
"lower","under","YES",0.034
"lower","back","YES",0.021
"lunch","dinner","YES",0.269
"lunch","food","YES",0.205
"lunch","eat","YES",0.083
"lunch","box","YES",0.058
"lunch","sandwich","YES",0.058
"lunch","break","YES",0.026
"lunch","hungry","YES",0.019
"lunch","bag","YES",0.013
"lunch","breakfast","YES",0.013
"lunch","school","YES",0.013
"make","do","YES",0.194
"make","up","YES",0.067
"make","horse","YES",0.05
"make","break","YES",0.039
"make","cake","YES",0.022
"make","love","YES",0.022
"man","woman","YES",0.66
"man","boy","YES",0.093
"man","lady","YES",0.013
"man","moon","YES",0.013
"many","much","YES",0.055
"many","people","YES",0.048
"many","more","YES",0.034
"market","store","YES",0.236
"market","food","YES",0.155
"market","fruit","YES",0.034
"market","buy","YES",0.027
"market","money","YES",0.014
"me","you","YES",0.5
"me","i","YES",0.067
"me","beautiful","YES",0.013
"me","girl","YES",0.013
"me","nice","YES",0.013
"me","self","YES",0.013
"me","tired","YES",0.013
"meat","cow","YES",0.101
"meat","food","YES",0.094
"meat","eat","YES",0.047
"meat","potato","YES",0.04
"meat","red","YES",0.034
"meat","ham","YES",0.02
"meat","market","YES",0.02
"medicine","sick","YES",0.19
"medicine","doctor","YES",0.152
"medicine","cold","YES",0.033
"medicine","help","YES",0.027
"medicine","bottle","YES",0.016
"medicine","man","YES",0.016
"medicine","bad","YES",0.011
"medicine","cough","YES",0.011
"medicine","good","YES",0.011
"medicine","money","YES",0.011
"medicine","well","YES",0.011
"meow","cat","YES",0.839
"milk","cow","YES",0.388
"milk","honey","YES",0.073
"milk","white","YES",0.061
"milk","cookie","YES",0.036
"milk","chocolate","YES",0.03
"milk","butter","YES",0.024
"milk","cheese","YES",0.024
"milk","cereal","YES",0.018
"milk","cold","YES",0.018
"milk","baby","YES",0.012
"milk","bread","YES",0.012
"milk","ice cream","YES",0.012
"mine","me","YES",0.014
"mine","rock","YES",0.014
"mirror","glass","YES",0.056
"mirror","face","YES",0.047
"mirror","look","YES",0.028
"mirror","see","YES",0.019
"moment","time","YES",0.321
"moment","now","YES",0.056
"money","green","YES",0.064
"money","buy","YES",0.026
"monkey","banana","YES",0.09
"monkey","animal","YES",0.062
"monkey","zoo","YES",0.056
"monkey","back","YES",0.049
"monkey","cute","YES",0.028
"monkey","tree","YES",0.028
"monkey","funny","YES",0.021
"monkey","man","YES",0.021
"monkey","see","YES",0.014
"moo","cow","YES",0.96
"moon","sun","YES",0.299
"moon","star","YES",0.118
"moon","full","YES",0.102
"moon","night","YES",0.102
"moon","sky","YES",0.039
"moon","white","YES",0.024
"more","enough","YES",0.039
"more","money","YES",0.031
"more","need","YES",0.016
"morning","night","YES",0.216
"morning","early","YES",0.176
"morning","sun","YES",0.101
"morning","after","YES",0.047
"morning","evening","YES",0.047
"morning","coffee","YES",0.034
"morning","day","YES",0.027
"morning","sleep","YES",0.027
"morning","star","YES",0.02
"morning","light","YES",0.014
"morning","wake","YES",0.014
"mosquito","bite","YES",0.362
"mosquito","bug","YES",0.232
"mosquito","fly","YES",0.051
"motorcycle","car","YES",0.087
"motorcycle","fast","YES",0.087
"motorcycle","ride","YES",0.043
"motorcycle","loud","YES",0.014
"motorcycle","mouse","YES",0.014
"mouse","cat","YES",0.543
"mouse","cheese","YES",0.072
"mouse","house","YES",0.022
"mouth","wash","YES",0.201
"mouth","tongue","YES",0.114
"mouth","kiss","YES",0.049
"mouth","talk","YES",0.043
"mouth","eat","YES",0.038
"mouth","open","YES",0.038
"mouth","big","YES",0.022
"mouth","face","YES",0.022
"mouth","food","YES",0.022
"mouth","spit","YES",0.016
"mouth","nose","YES",0.011
"mouth","wet","YES",0.011
"much","more","YES",0.131
"much","many","YES",0.123
"much","money","YES",0.015
"mud","sand","YES",0.036
"mud","pig","YES",0.03
"mud","puddle","YES",0.03
"mud","rain","YES",0.02
"music","rock","YES",0.149
"music","radio","YES",0.041
"music","dance","YES",0.034
"music","hear","YES",0.014
"music","loud","YES",0.014
"music","pretty","YES",0.014
"music","sing","YES",0.014
"nail","hammer","YES",0.622
"nail","finger","YES",0.122
"nail","head","YES",0.019
"nails","finger","YES",0.285
"nails","hammer","YES",0.269
"nails","bite","YES",0.015
"nap","sleep","YES",0.73
"nap","tired","YES",0.033
"nap","bed","YES",0.026
"nap","cat","YES",0.026
"nap","time","YES",0.026
"nap","pillow","YES",0.013
"nap","yes","YES",0.013
"neck","head","YES",0.333
"neck","necklace","YES",0.073
"neck","kiss","YES",0.024
"neck","face","YES",0.018
"neck","arm","YES",0.012
"neck","broken","YES",0.012
"neck","hair","YES",0.012
"neck","shirt","YES",0.012
"necklace","neck","YES",0.091
"necklace","wear","YES",0.014
"need","money","YES",0.041
"need","love","YES",0.034
"need","have","YES",0.02
"need","help","YES",0.02
"neighbor","friend","YES",0.507
"neighbor","house","YES",0.033
"neighbor","people","YES",0.02
"neighbor","good","YES",0.013
"neighbor","nice","YES",0.013
"new","old","YES",0.725
"new","car","YES",0.02
"nice","sweet","YES",0.095
"nice","good","YES",0.061
"nice","bad","YES",0.048
"nice","people","YES",0.041
"nice","smile","YES",0.034
"nice","happy","YES",0.027
"nice","friend","YES",0.02
"nice","pretty","YES",0.02
"nice","ugly","YES",0.014
"night","day","YES",0.686
"night","dark","YES",0.192
"night","moon","YES",0.019
"night","time","YES",0.019
"night","train","YES",0.019
"nightgown","sleep","YES",0.243
"nightgown","pajamas","YES",0.139
"nightgown","bed","YES",0.083
"nightgown","dress","YES",0.028
"nightgown","party","YES",0.014
"nightgown","shirt","YES",0.014
"nightgown","underwear","YES",0.014
"no","yes","YES",0.761
"no","stop","YES",0.022
"no","bad","YES",0.014
"no","don't","NO",0.014
"none","all","YES",0.203
"none","empty","YES",0.135
"none","nothing","YES",0.095
"none","many","YES",0.081
"none","some","YES",0.054
"none","other","YES",0.02
"none","money","YES",0.014
"noodles","spaghetti","YES",0.235
"noodles","soup","YES",0.15
"noodles","pasta","YES",0.098
"noodles","food","YES",0.065
"noodles","cheese","YES",0.039
"noodles","egg","YES",0.033
"noodles","sauce","YES",0.026
"noodles","wet","YES",0.02
"noodles","yellow","YES",0.013
"nose","face","YES",0.236
"nose","mouth","YES",0.149
"nose","smell","YES",0.108
"nose","big","YES",0.068
"nose","blow","YES",0.034
"nose","eye","YES",0.034
"nose","ear","YES",0.02
"nose","cold","YES",0.014
"not","no","YES",0.253
"not","yes","YES",0.16
"not","now","YES",0.02
"not","enough","YES",0.013
"not","nothing","YES",0.013
"not","to","NO",0.013
"nothing","empty","YES",0.13
"nothing","none","YES",0.038
"nothing","all","YES",0.027
"nothing","there","YES",0.016
"now","later","NO",0.576
"now","here","YES",0.028
"now","present","YES",0.021
"now","time","YES",0.014
"off","on","YES",0.897
"off","dark","YES",0.021
"old","new","YES",0.473
"old","man","YES",0.034
"old","house","YES",0.014
"olive","green","YES",0.108
"olive","black","YES",0.061
"olive","food","YES",0.054
"olive","tree","YES",0.034
"olive","eat","YES",0.014
"on","off","YES",0.878
"on","top","YES",0.027
"on","light","YES",0.014
"on","under","YES",0.014
"open","close","YES",0.723
"open","door","YES",0.061
"open","enter","YES",0.034
"open","window","YES",0.014
"other","different","YES",0.152
"other","another","YES",0.083
"other","person","YES",0.053
"other","same","YES",0.053
"other","many","YES",0.015
"other","someone","NO",0.015
"other","that","NO",0.015
"ouch","hurt","YES",0.401
"out","in","YES",0.804
"out","outside","YES",0.014
"outside","inside","YES",0.497
"outside","tree","YES",0.072
"outside","hot","YES",0.065
"outside","sun","YES",0.059
"outside","playground","YES",0.026
"outside","grass","YES",0.02
"outside","open","YES",0.013
"outside","park","YES",0.013
"outside","play","YES",0.013
"outside","rain","YES",0.013
"outside","yard","YES",0.013
"oven","stove","YES",0.224
"oven","hot","YES",0.212
"oven","food","YES",0.018
"oven","toast","YES",0.012
"owl","night","YES",0.311
"owl","bird","YES",0.182
"owl","tree","YES",0.041
"owl","animal","YES",0.014
"paint","brush","YES",0.327
"paint","draw","YES",0.127
"paint","house","YES",0.055
"paint","wet","YES",0.042
"paint","picture","YES",0.036
"paint","red","YES",0.024
"paint","wall","YES",0.024
"paint","blue","YES",0.018
"paint","white","YES",0.018
"paint","can","YES",0.012
"paint","smell","YES",0.012
"pajamas","sleep","YES",0.359
"pajamas","nightgown","YES",0.16
"pajamas","bed","YES",0.135
"pajamas","night","YES",0.045
"pajamas","underwear","YES",0.026
"pajamas","party","YES",0.013
"pajamas","wear","YES",0.013
"pants","shirt","YES",0.185
"pants","jeans","YES",0.136
"pants","shorts","YES",0.071
"pants","skirt","YES",0.038
"pants","wear","YES",0.038
"pants","man","YES",0.033
"pants","off","YES",0.022
"pants","blue","YES",0.016
"pants","zipper","YES",0.016
"pants","down","YES",0.011
"pants","dress","YES",0.011
"pants","red","YES",0.011
"pants","top","YES",0.011
"paper","pen","YES",0.3
"paper","write","YES",0.144
"paper","book","YES",0.039
"paper","tree","YES",0.028
"paper","school","YES",0.017
"paper","white","YES",0.017
"paper","bag","YES",0.011
"park","tree","YES",0.115
"park","car","YES",0.108
"park","playground","YES",0.068
"park","stop","YES",0.061
"park","drive","YES",0.047
"park","grass","YES",0.034
"park","zoo","YES",0.034
"park","play","YES",0.027
"park","ride","YES",0.02
"park","sit","YES",0.02
"parrot","bird","YES",0.628
"parrot","talk","YES",0.11
"parrot","green","YES",0.028
"parrot","cracker","YES",0.021
"party","animal","YES",0.158
"party","cake","YES",0.033
"party","time","YES",0.033
"party","naked","NO",0.022
"party","yes","YES",0.022
"party","dance","YES",0.016
"party","go","YES",0.016
"party","good","YES",0.016
"party","night","YES",0.016
"party","now","YES",0.016
"party","people","YES",0.016
"party","down","YES",0.011
"party","friend","YES",0.011
"party","music","YES",0.011
"pass","go","YES",0.122
"pass","out","YES",0.061
"pass","throw","YES",0.041
"pass","by","NO",0.027
"pass","car","YES",0.027
"pass","leave","YES",0.027
"pass","drive","YES",0.014
"pass","play","YES",0.014
"pass","run","YES",0.014
"pasta","spaghetti","YES",0.243
"pasta","noodles","YES",0.088
"pasta","sauce","YES",0.074
"pasta","meatball","NO",0.014
"pastry","sweet","YES",0.1
"pastry","cake","YES",0.08
"pastry","food","YES",0.047
"pastry","fat","YES",0.027
"pastry","good","YES",0.027
"pastry","eat","YES",0.02
"pastry","apple","YES",0.013
"pastry","bread","YES",0.013
"peach","fruit","YES",0.206
"peach","pear","YES",0.072
"peach","apple","YES",0.062
"peach","tree","YES",0.021
"peanut","butter","YES",0.489
"peanut","elephant","YES",0.036
"pear","fruit","YES",0.347
"pear","apple","YES",0.252
"pear","peach","YES",0.048
"pear","green","YES",0.034
"pear","look","YES",0.034
"pear","friend","YES",0.02
"pear","tree","YES",0.014
"peas","green","YES",0.264
"peas","carrots","YES",0.101
"peas","beans","YES",0.081
"peas","food","YES",0.02
"peas","soup","YES",0.02
"peas","eat","YES",0.014
"peas","pot","YES",0.014
"pen","paper","YES",0.109
"pen","write","YES",0.065
"penguin","bird","YES",0.327
"penguin","cold","YES",0.109
"penguin","animal","YES",0.045
"penguin","black","YES",0.026
"penguin","snow","YES",0.019
"penguin","cute","YES",0.013
"penguin","walk","YES",0.013
"penny","money","YES",0.195
"people","person","YES",0.115
"people","friend","YES",0.101
"people","different","YES",0.041
"people","family","YES",0.027
"people","animal","YES",0.02
"people","many","YES",0.02
"people","nice","YES",0.02
"pepper","hot","YES",0.112
"person","people","YES",0.257
"person","man","YES",0.122
"person","friend","YES",0.074
"person","animal","YES",0.054
"person","child","YES",0.014
"person","dog","YES",0.014
"person","girl","YES",0.014
"person","me","YES",0.014
"person","someone","NO",0.014
"person","woman","YES",0.014
"phone","talk","YES",0.145
"phone","friend","YES",0.021
"phone","home","YES",0.014
"picture","camera","YES",0.051
"picture","wall","YES",0.041
"picture","paint","YES",0.031
"pig","fat","YES",0.078
"pig","mud","YES",0.05
"pig","oink","NO",0.044
"pig","pen","YES",0.044
"pig","animal","YES",0.028
"pig","ham","YES",0.028
"pig","cow","YES",0.022
"pig","dirty","YES",0.011
"pig","eat","YES",0.011
"pig","tree","YES",0.011
"pig","ugly","YES",0.011
"pillow","sleep","YES",0.321
"pillow","soft","YES",0.236
"pillow","bed","YES",0.133
"pillow","fight","YES",0.042
"pillow","head","YES",0.024
"pillow","talk","YES",0.024
"pillow","blanket","YES",0.018
"pillow","throw","YES",0.018
"pillow","down","YES",0.012
"pipe","cigarette","YES",0.02
"pizza","food","YES",0.149
"pizza","cheese","YES",0.135
"pizza","good","YES",0.081
"pizza","eat","YES",0.027
"pizza","sauce","YES",0.014
"plant","green","YES",0.256
"plant","flower","YES",0.128
"plant","tree","YES",0.128
"plant","animal","YES",0.05
"plant","leaf","YES",0.033
"plant","garden","YES",0.022
"plant","pot","YES",0.011
"plate","dish","YES",0.23
"plate","food","YES",0.218
"plate","fork","YES",0.115
"plate","eat","YES",0.109
"plate","cup","YES",0.048
"plate","bowl","YES",0.042
"plate","glass","YES",0.036
"plate","dinner","YES",0.03
"plate","spoon","YES",0.024
"play","ball","YES",0.134
"play","ground","YES",0.06
"play","child","YES",0.02
"play","fight","YES",0.013
"play","horse","YES",0.013
"play","music","YES",0.013
"play","pen","YES",0.013
"play","school","YES",0.013
"play","sleep","YES",0.013
"playground","children","YES",0.172
"playground","park","YES",0.101
"playground","field","YES",0.061
"playground","yard","YES",0.061
"playground","school","YES",0.051
"please","happy","YES",0.079
"please","no","YES",0.041
"please","don't","NO",0.021
"please","help","YES",0.021
"please","nice","YES",0.021
"please","yes","YES",0.021
"please","do","YES",0.014
"please","me","YES",0.014
"policeman","pig","YES",0.065
"policeman","blue","YES",0.045
"policeman","car","YES",0.013
"policeman","dog","YES",0.013
"pony","horse","YES",0.752
"pony","ride","YES",0.055
"pool","swim","YES",0.274
"pool","table","YES",0.067
"pool","blue","YES",0.028
"pool","cold","YES",0.017
"pool","man","YES",0.017
"pool","party","YES",0.017
"porch","light","YES",0.212
"porch","house","YES",0.137
"porch","chair","YES",0.034
"porch","monkey","YES",0.034
"porch","front","YES",0.027
"porch","outside","YES",0.027
"porch","car","YES",0.014
"porch","sit","YES",0.014
"pot","stove","YES",0.079
"pot","plant","YES",0.071
"pot","flower","YES",0.036
"pot","kitchen","YES",0.029
"pot","tea","YES",0.021
"pot","bowl","YES",0.014
"pot","food","YES",0.014
"potato","head","YES",0.047
"potato","tomato","YES",0.034
"potato","butter","YES",0.027
"potato","eat","YES",0.02
"potato","food","YES",0.02
"potato","cheese","YES",0.014
"potato","fat","YES",0.014
"potato","hot","YES",0.014
"potato","meat","YES",0.014
"present","now","YES",0.069
"present","here","YES",0.055
"present","box","YES",0.014
"present","show","YES",0.014
"press","push","YES",0.078
"press","box","YES",0.026
"press","button","YES",0.026
"press","pull","YES",0.026
"press","hard","YES",0.02
"press","room","YES",0.02
"pretend","play","YES",0.061
"pretend","lie","YES",0.014
"pretty","ugly","YES",0.473
"pretty","girl","YES",0.149
"pretty","beautiful","YES",0.095
"pretty","cute","YES",0.054
"pretty","nice","YES",0.034
"pretty","flower","YES",0.014
"pretty","hot","YES",0.014
"pudding","chocolate","YES",0.318
"pudding","cake","YES",0.027
"pudding","sweet","YES",0.027
"pudding","food","YES",0.014
"pudding","good","YES",0.014
"puddle","mud","YES",0.2
"puddle","rain","YES",0.179
"puddle","wet","YES",0.114
"puddle","dog","YES",0.021
"puddle","splash","YES",0.014
"pull","push","YES",0.594
"pull","empty","YES",0.039
"pull","rope","YES",0.017
"pull","hold","YES",0.011
"puppy","dog","YES",0.752
"puppy","love","YES",0.057
"puppy","cute","YES",0.028
"puppy","baby","YES",0.014
"purse","money","YES",0.203
"purse","girl","YES",0.035
"push","pull","YES",0.397
"push","open","YES",0.022
"push","button","YES",0.016
"push","door","YES",0.016
"push","fight","YES",0.016
"push","hard","YES",0.011
"push","in","YES",0.011
"push","up","YES",0.011
"put","down","YES",0.1
"put","take","YES",0.078
"put","get","YES",0.022
"put","in","YES",0.022
"put","away","YES",0.017
"put","give","YES",0.017
"put","on","YES",0.017
"put","out","YES",0.017
"put","do","YES",0.011
"quick","fast","YES",0.408
"quick","slow","YES",0.272
"quick","run","YES",0.054
"quick","easy","YES",0.011
"quick","fox","YES",0.011
"quick","hurry","YES",0.011
"quick","stop","YES",0.011
"radio","music","YES",0.27
"radio","loud","YES",0.034
"radio","box","YES",0.02
"radio","hear","YES",0.014
"rag","cloth","YES",0.245
"rag","towel","YES",0.15
"rag","doll","YES",0.136
"rag","dirty","YES",0.034
"rag","old","YES",0.034
"rag","dish","YES",0.02
"rag","dust","YES",0.02
"rag","wash","YES",0.02
"rag","tear","YES",0.014
"rain","wet","YES",0.244
"rain","snow","YES",0.122
"rain","sun","YES",0.064
"rain","umbrella","YES",0.038
"rain","cloud","YES",0.032
"rain","drop","YES",0.032
"rain","shower","YES",0.032
"rain","coat","YES",0.019
"rain","puddle","YES",0.019
"raisin","sun","YES",0.101
"raisin","fruit","YES",0.061
"raisin","bread","YES",0.04
"raisin","cereal","YES",0.03
"raisin","sweet","YES",0.02
"rattle","snake","YES",0.464
"rattle","baby","YES",0.29
"rattle","shake","YES",0.058
"read","book","YES",0.389
"read","write","YES",0.333
"read","paper","YES",0.011
"red","blue","YES",0.26
"red","white","YES",0.126
"red","black","YES",0.039
"red","dress","YES",0.024
"red","green","YES",0.024
"red","yellow","YES",0.024
"red","hair","YES",0.016
"refrigerator","food","YES",0.424
"refrigerator","cold","YES",0.265
"refrigerator","oven","YES",0.015
"refrigerator","stove","YES",0.015
"rice","food","YES",0.082
"rice","white","YES",0.075
"rice","beans","YES",0.041
"rice","field","YES",0.027
"rice","potato","YES",0.021
"rice","eat","YES",0.014
"rice","pudding","YES",0.014
"ride","horse","YES",0.372
"ride","car","YES",0.159
"ride","walk","YES",0.069
"ride","bicycle","YES",0.055
"ride","drive","YES",0.021
"ride","fast","YES",0.021
"ride","pony","YES",0.021
"ride","go","YES",0.014
"ride","run","YES",0.014
"road","street","YES",0.348
"road","car","YES",0.045
"road","drive","YES",0.04
"road","travel","YES",0.03
"rock","stone","YES",0.269
"rock","hard","YES",0.096
"rock","music","YES",0.045
"rock","chair","YES",0.032
"rock","star","YES",0.019
"rock","earth","YES",0.013
"rock","sand","YES",0.013
"roof","house","YES",0.307
"roof","top","YES",0.197
"roof","floor","YES",0.031
"roof","rain","YES",0.016
"room","bedroom","YES",0.15
"room","house","YES",0.118
"room","wall","YES",0.055
"room","living room","YES",0.047
"room","door","YES",0.039
"room","closet","YES",0.024
"room","chair","YES",0.016
"room","empty","YES",0.016
"room","home","YES",0.016
"rooster","hen","YES",0.309
"rooster","crow","YES",0.113
"rooster","morning","YES",0.062
"rooster","red","YES",0.021
"rope","jump","YES",0.061
"rope","climb","YES",0.056
"rope","pull","YES",0.028
"rope","ladder","YES",0.022
"rope","boat","YES",0.017
"rope","soap","YES",0.011
"run","walk","YES",0.493
"run","fast","YES",0.067
"run","away","YES",0.02
"run","jump","YES",0.013
"run","tired","YES",0.013
"sad","happy","YES",0.634
"sad","cry","YES",0.058
"sad","blue","YES",0.026
"sad","tear","YES",0.026
"same","different","YES",0.534
"sand","beach","YES",0.717
"sand","sea","YES",0.016
"sandals","feet","YES",0.209
"sandals","beach","YES",0.135
"sandals","sand","YES",0.02
"sandals","hot","YES",0.014
"sandwich","food","YES",0.207
"sandwich","ham","YES",0.111
"sandwich","bread","YES",0.067
"sandwich","eat","YES",0.059
"sandwich","turkey","YES",0.059
"sandwich","hungry","YES",0.037
"sandwich","lunch","YES",0.037
"sandwich","meat","YES",0.022
"sandwich","cold","YES",0.015
"sandwich","soup","YES",0.015
"sauce","spaghetti","YES",0.468
"sauce","tomato","YES",0.144
"sauce","food","YES",0.022
"sauce","meat","YES",0.022
"sauce","pizza","YES",0.022
"sauce","red","YES",0.022
"sauce","apple","YES",0.014
"sauce","cover","YES",0.014
"save","money","YES",0.156
"save","help","YES",0.044
"save","store","YES",0.017
"save","collect","YES",0.011
"say","talk","YES",0.219
"say","do","YES",0.11
"say","no","YES",0.048
"say","tell","YES",0.041
"say","what","YES",0.014
"say","write","YES",0.014
"scared","dark","YES",0.021
"scared","run","YES",0.021
"scared","happy","YES",0.014
"scarf","neck","YES",0.162
"scarf","hat","YES",0.121
"scarf","cold","YES",0.071
"scarf","head","YES",0.04
"scarf","red","YES",0.04
"scarf","wind","YES",0.04
"scarf","black","YES",0.02
"scarf","cloth","YES",0.02
"scarf","dress","YES",0.02
"scarf","girl","YES",0.02
"scary","dark","YES",0.061
"scary","ugly","YES",0.014
"school","book","YES",0.071
"school","bus","YES",0.071
"school","teacher","YES",0.036
"school","hard","YES",0.026
"school","child","YES",0.015
"school","house","YES",0.015
"school","day","YES",0.01
"school","friend","YES",0.01
"school","time","YES",0.01
"school","yard","YES",0.01
"scissors","knife","YES",0.024
"scissors","paper","YES",0.012
"sea","beach","YES",0.033
"sea","blue","YES",0.033
"sea","green","YES",0.022
"sea","boat","YES",0.011
"sea","hand","YES",0.011
"sea","sky","YES",0.011
"see","eye","YES",0.25
"see","look","YES",0.239
"see","hear","YES",0.089
"see","glasses","YES",0.022
"see","dog","YES",0.017
"see","light","YES",0.017
"seek","find","YES",0.535
"seek","look","YES",0.242
"seek","hide","YES",0.101
"self","me","YES",0.479
"self","person","YES",0.049
"self","i","YES",0.028
"self","other","YES",0.028
"shake","rattle","YES",0.142
"shake","milk","YES",0.135
"shake","chocolate","YES",0.078
"shake","cold","YES",0.028
"shake","dance","YES",0.021
"shake","down","YES",0.014
"shake","ice cream","YES",0.014
"shake","well","YES",0.014
"shame","bad","YES",0.096
"shame","hide","YES",0.015
"shame","hurt","YES",0.01
"she","he","YES",0.74
"she","her","YES",0.123
"she","girl","YES",0.039
"she","wolf","YES",0.013
"sheep","lamb","YES",0.162
"sheep","animal","YES",0.047
"sheep","goat","YES",0.047
"sheep","dog","YES",0.034
"sheep","black","YES",0.014
"sheep","cow","YES",0.014
"sheep","field","YES",0.014
"sheep","smell","YES",0.014
"sheep","sweater","YES",0.014
"sheep","white","YES",0.014
"ship","boat","YES",0.575
"ship","sea","YES",0.071
"ship","sink","YES",0.031
"ship","yard","YES",0.024
"shirt","pants","YES",0.269
"shirt","button","YES",0.064
"shirt","wear","YES",0.032
"shirt","skirt","YES",0.026
"shirt","jacket","YES",0.019
"shirt","top","YES",0.019
"shirt","back","YES",0.013
"shirt","shorts","YES",0.013
"shirt","sweater","YES",0.013
"shoe","foot","YES",0.321
"shoe","sock","YES",0.212
"shoe","sandals","YES",0.032
"shoe","tree","YES",0.013
"shorts","pants","YES",0.272
"shorts","shirt","YES",0.252
"shorts","skirt","YES",0.041
"shorts","sun","YES",0.02
"shorts","warm","YES",0.02
"shorts","hot","YES",0.014
"shorts","jeans","YES",0.014
"shorts","top","YES",0.014
"shout","loud","YES",0.19
"shovel","snow","YES",0.19
"shovel","dig","YES",0.127
"shovel","sand","YES",0.021
"shovel","spade","YES",0.021
"shovel","fork","YES",0.014
"shovel","spoon","YES",0.014
"show","tell","YES",0.128
"show","play","YES",0.054
"show","time","YES",0.047
"show","see","YES",0.041
"show","dance","YES",0.034
"show","present","YES",0.027
"show","boat","YES",0.02
"show","hide","YES",0.02
"show","off","YES",0.02
"show","horse","YES",0.014
"show","look","YES",0.014
"shower","cap","YES",0.125
"shower","bath","YES",0.109
"shower","curtain","YES",0.076
"shower","soap","YES",0.049
"shower","wet","YES",0.049
"shower","cold","YES",0.027
"shower","warm","YES",0.027
"shower","hair","YES",0.011
"shower","head","YES",0.011
"shower","rain","YES",0.011
"shower","wash","YES",0.011
"shutter","window","YES",0.48
"shutter","house","YES",0.068
"shutter","shake","YES",0.047
"shutter","bug","YES",0.034
"shutter","scared","YES",0.027
"shutter","camera","YES",0.02
"shutter","cold","YES",0.02
"shutter","home","YES",0.02
"shutter","close","YES",0.014
"shutter","door","YES",0.014
"sibling","sister","YES",0.303
"sibling","brother","YES",0.289
"sibling","child","YES",0.053
"sibling","family","YES",0.026
"sibling","fight","YES",0.02
"sibling","baby","YES",0.013
"sibling","friend","YES",0.013
"sick","well","YES",0.102
"sick","cold","YES",0.094
"sick","doctor","YES",0.031
"sick","bed","YES",0.024
"sick","hurt","YES",0.016
"sick","medicine","YES",0.016
"sing","dance","YES",0.078
"sing","music","YES",0.033
"sing","loud","YES",0.028
"sing","talk","YES",0.028
"sing","laugh","YES",0.022
"sing","happy","YES",0.011
"sing","play","YES",0.011
"sing","shout","YES",0.011
"sink","swim","YES",0.115
"sink","faucet","YES",0.074
"sink","fall","YES",0.041
"sink","boat","YES",0.034
"sink","kitchen","YES",0.034
"sink","down","YES",0.02
"sink","ship","YES",0.02
"sink","bathroom","YES",0.014
"sink","stove","YES",0.014
"sister","brother","YES",0.538
"sister","friend","YES",0.069
"sister","sibling","YES",0.062
"sister","girl","YES",0.041
"sister","family","YES",0.028
"sister","none","YES",0.021
"sister","love","YES",0.014
"sit","stand","YES",0.348
"sit","chair","YES",0.183
"sit","down","YES",0.172
"sit","lie","YES",0.017
"skirt","dress","YES",0.295
"skirt","shirt","YES",0.083
"skirt","pants","YES",0.071
"skirt","girl","YES",0.032
"skirt","top","YES",0.019
"skirt","full","YES",0.013
"skirt","shorts","YES",0.013
"sky","blue","YES",0.522
"sky","cloud","YES",0.228
"sky","sun","YES",0.039
"sky","high","YES",0.017
"sky","ground","YES",0.011
"sky","star","YES",0.011
"sky","up","YES",0.011
"sleep","bed","YES",0.092
"sleep","tired","YES",0.092
"sleep","night","YES",0.061
"sleep","pillow","YES",0.02
"sleepy","tired","YES",0.66
"sleepy","bed","YES",0.053
"sleepy","time","YES",0.02
"sleepy","sleep","YES",0.013
"slow","fast","YES",0.527
"slow","turtle","YES",0.115
"slow","down","YES",0.068
"slow","stop","YES",0.034
"slow","old","YES",0.02
"slow","walk","YES",0.014
"smart","quick","YES",0.013
"smell","nose","YES",0.116
"smell","bad","YES",0.051
"smell","food","YES",0.014
"smell","good","YES",0.014
"smile","happy","YES",0.333
"smile","laugh","YES",0.106
"smile","face","YES",0.039
"smile","love","YES",0.017
"smile","beautiful","YES",0.011
"smile","mouth","YES",0.011
"smile","pretty","YES",0.011
"snake","bite","YES",0.279
"snake","rattle","YES",0.085
"snake","grass","YES",0.048
"snake","animal","YES",0.036
"snake","worm","YES",0.03
"snake","spider","YES",0.012
"snake","ugly","YES",0.012
"snow","white","YES",0.314
"snow","cold","YES",0.199
"snow","rain","YES",0.045
"snow","fall","YES",0.038
"snow","man","YES",0.019
"snow","ball","YES",0.013
"soap","dish","YES",0.136
"soap","wash","YES",0.076
"soap","shower","YES",0.022
"soap","smell","YES",0.022
"soap","bath","YES",0.016
"soap","wet","YES",0.016
"soap","cloth","YES",0.011
"sock","shoe","YES",0.617
"sock","foot","YES",0.172
"sock","hit","YES",0.033
"sock","hop","YES",0.028
"soda","can","YES",0.034
"soda","cold","YES",0.014
"soft","hard","YES",0.509
"soft","baby","YES",0.036
"soft","gentle","YES",0.03
"soft","nice","YES",0.024
"soft","pillow","YES",0.018
"soft","warm","YES",0.018
"soft","breast","YES",0.012
"soft","hair","YES",0.012
"soft","light","YES",0.012
"soft","pretty","YES",0.012
"soft","touch","YES",0.012
"some","many","YES",0.193
"some","none","YES",0.093
"some","all","YES",0.086
"some","more","YES",0.043
"some","time","YES",0.029
"some","any","NO",0.014
"soup","tomato","YES",0.103
"soup","sandwich","YES",0.085
"soup","hot","YES",0.073
"soup","bowl","YES",0.036
"soup","food","YES",0.036
"soup","cracker","YES",0.03
"soup","noodles","YES",0.024
"soup","spoon","YES",0.024
"soup","can","YES",0.018
"soup","eat","YES",0.018
"soup","dinner","YES",0.012
"soup","sick","YES",0.012
"spade","shovel","YES",0.155
"spade","black","YES",0.034
"spade","dig","YES",0.034
"spade","garden","YES",0.034
"spade","dog","YES",0.027
"spaghetti","sauce","YES",0.247
"spaghetti","food","YES",0.078
"spaghetti","noodles","YES",0.078
"spaghetti","pasta","YES",0.078
"spaghetti","dinner","YES",0.013
"spaghetti","eat","YES",0.013
"spaghetti","tomato","YES",0.013
"sparrow","bird","YES",0.745
"spider","bug","YES",0.127
"spider","man","YES",0.056
"spider","fly","YES",0.016
"spider","monkey","YES",0.016
"spill","milk","YES",0.223
"spill","drop","YES",0.061
"spill","splash","YES",0.02
"spill","wipe","YES",0.02
"spill","towel","YES",0.014
"spinach","green","YES",0.257
"spinach","leaf","YES",0.02
"spinach","cabbage","YES",0.013
"spinach","eat","YES",0.013
"spinach","soup","YES",0.013
"spit","mouth","YES",0.039
"spit","swallow","YES",0.033
"spit","dirty","YES",0.02
"spit","ground","YES",0.02
"spit","ball","YES",0.013
"spit","bucket","YES",0.013
"spit","face","YES",0.013
"spit","up","YES",0.013
"splash","pool","YES",0.107
"splash","wet","YES",0.067
"splash","swim","YES",0.013
"splash","wave","YES",0.013
"spoon","fork","YES",0.614
"spoon","eat","YES",0.063
"spoon","knife","YES",0.055
"spoon","soup","YES",0.039
"spoon","cereal","YES",0.024
"spoon","baby","YES",0.016
"spoon","feed","YES",0.016
"spoon","food","YES",0.016
"spoon","sugar","YES",0.016
"squeak","mouse","YES",0.288
"squeak","door","YES",0.062
"squeak","shoe","YES",0.021
"squeak","car","YES",0.014
"squirrel","tree","YES",0.128
"squirrel","animal","YES",0.122
"squirrel","cute","YES",0.027
"stairs","climb","YES",0.225
"stairs","up","YES",0.139
"stairs","elevator","YES",0.079
"stairs","walk","YES",0.06
"stairs","fall","YES",0.033
"stairs","house","YES",0.026
"stairs","ladder","YES",0.026
"stairs","down","YES",0.013
"stairs","tired","YES",0.013
"stand","sit","YES",0.534
"stand","up","YES",0.088
"stand","fall","YES",0.054
"stand","walk","YES",0.054
"stand","feet","YES",0.02
"star","sky","YES",0.186
"star","moon","YES",0.115
"star","sun","YES",0.09
"star","light","YES",0.058
"star","night","YES",0.051
"stick","stone","YES",0.078
"stick","ball","YES",0.044
"stick","tree","YES",0.028
"stick","dog","YES",0.017
"stick","up","YES",0.017
"stick","candy","YES",0.011
"stick","hit","YES",0.011
"stick","hold","YES",0.011
"stick","mud","YES",0.011
"stone","rock","YES",0.629
"stone","hard","YES",0.081
"stone","throw","YES",0.03
"stone","cold","YES",0.015
"stone","face","YES",0.01
"stone","wall","YES",0.01
"stop","go","YES",0.615
"stop","red","YES",0.017
"stop","begin","YES",0.011
"store","buy","YES",0.142
"store","food","YES",0.071
"store","market","YES",0.039
"store","save","YES",0.031
"store","front","YES",0.024
"store","room","YES",0.024
"store","house","YES",0.016
"stove","hot","YES",0.285
"stove","oven","YES",0.279
"stove","top","YES",0.03
"stove","kitchen","YES",0.018
"stove","pipe","YES",0.018
"stove","warm","YES",0.012
"street","road","YES",0.314
"street","car","YES",0.077
"street","light","YES",0.071
"street","lamp","YES",0.058
"street","drive","YES",0.032
"street","block","YES",0.019
"street","house","YES",0.013
"strike","hit","YES",0.447
"strike","out","YES",0.076
"strike","ball","YES",0.023
"strike","blow","YES",0.015
"sugar","sweet","YES",0.433
"sugar","tea","YES",0.055
"sugar","coffee","YES",0.047
"sugar","candy","YES",0.024
"sugar","cookie","YES",0.016
"sugar","white","YES",0.016
"sun","moon","YES",0.15
"sun","hot","YES",0.087
"sun","warm","YES",0.087
"sun","beach","YES",0.055
"sun","light","YES",0.031
"sun","star","YES",0.016
"surprise","party","YES",0.247
"surprise","happy","YES",0.093
"surprise","present","YES",0.047
"swallow","bird","YES",0.191
"swallow","eat","YES",0.158
"swallow","food","YES",0.067
"swallow","cough","YES",0.018
"swallow","hard","YES",0.012
"swallow","neck","YES",0.012
"swallow","thirsty","YES",0.012
"sweater","cold","YES",0.169
"sweater","warm","YES",0.169
"sweater","shirt","YES",0.128
"sweater","hot","YES",0.068
"sweater","coat","YES",0.041
"sweater","jacket","YES",0.041
"sweater","vest","YES",0.02
"sweep","broom","YES",0.406
"sweep","floor","YES",0.083
"sweep","brush","YES",0.044
"sweep","vacuum","YES",0.044
"sweep","dust","YES",0.033
"sweep","carpet","YES",0.022
"sweet","candy","YES",0.162
"sweet","nice","YES",0.095
"sweet","sugar","YES",0.061
"sweet","chocolate","YES",0.041
"sweet","tooth","YES",0.027
"sweet","bitter","YES",0.02
"sweet","potato","YES",0.02
"sweet","good","YES",0.014
"swim","pool","YES",0.078
"swim","fast","YES",0.011
"swim","run","YES",0.011
"swim","sink","YES",0.011
"swim","splash","YES",0.011
"table","chair","YES",0.756
"table","cloth","YES",0.026
"table","eat","YES",0.026
"table","dinner","YES",0.019
"table","top","YES",0.019
"table","sit","YES",0.013
"take","give","YES",0.412
"take","get","YES",0.047
"take","away","YES",0.039
"take","have","YES",0.022
"take","home","YES",0.017
"take","leave","YES",0.011
"talk","sing","YES",0.04
"talk","loud","YES",0.024
"talk","phone","YES",0.024
"talk","fast","YES",0.016
"talk","say","YES",0.016
"tasty","good","YES",0.34
"tasty","food","YES",0.18
"tasty","sweet","YES",0.033
"tasty","smell","YES",0.02
"tasty","bitter","YES",0.013
"tasty","ice cream","YES",0.013
"tasty","pizza","YES",0.013
"tea","coffee","YES",0.369
"tea","bag","YES",0.087
"tea","cup","YES",0.054
"tea","hot","YES",0.034
"tea","lemon","YES",0.034
"tea","party","YES",0.02
"tea","pot","YES",0.013
"teacher","school","YES",0.128
"teacher","friend","YES",0.041
"teacher","smart","YES",0.041
"teacher","apple","YES",0.034
"teacher","book","YES",0.014
"teacher","help","YES",0.014
"teapot","tea","YES",0.182
"teapot","hot","YES",0.081
"teapot","coffee","YES",0.034
"teapot","cup","YES",0.027
"teapot","kitchen","YES",0.014
"teapot","stove","YES",0.014
"tear","cry","YES",0.303
"tear","sad","YES",0.076
"tear","paper","YES",0.055
"tear","eye","YES",0.041
"tear","drop","YES",0.034
"tear","shirt","YES",0.014
"tear","wear","YES",0.014
"telephone","talk","YES",0.107
"telephone","book","YES",0.021
"tell","say","YES",0.167
"tell","talk","YES",0.133
"tell","lie","YES",0.033
"tell","hear","YES",0.017
"tell","show","YES",0.011
"there","here","YES",0.743
"there","where","YES",0.02
"there","far","YES",0.013
"thin","fat","YES",0.563
"thirsty","hungry","YES",0.136
"thirsty","soda","YES",0.02
"thirsty","hot","YES",0.014
"thirsty","tired","YES",0.014
"thirsty","wet","YES",0.014
"throw","ball","YES",0.234
"throw","catch","YES",0.234
"throw","away","YES",0.061
"throw","pass","YES",0.022
"throw","far","YES",0.017
"throw","arm","YES",0.011
"throw","hit","YES",0.011
"throw","up","YES",0.011
"thumb","hand","YES",0.284
"thumb","finger","YES",0.257
"thumb","nail","YES",0.176
"tickle","laugh","YES",0.578
"tickle","funny","YES",0.05
"tickle","feet","YES",0.039
"tickle","happy","YES",0.011
"tiger","lion","YES",0.308
"tiger","cat","YES",0.154
"tiger","animal","YES",0.028
"tiger","beautiful","YES",0.014
"tiger","eye","YES",0.014
"tiger","white","YES",0.014
"time","clock","YES",0.372
"time","out","YES",0.058
"time","day","YES",0.045
"time","late","YES",0.019
"time","fly","YES",0.013
"time","hurry","YES",0.013
"time","money","YES",0.013
"time","slow","YES",0.013
"tired","sleep","YES",0.479
"tired","bed","YES",0.041
"tired","asleep","YES",0.014
"tired","me","YES",0.014
"tired","now","YES",0.014
"tissue","paper","YES",0.285
"tissue","nose","YES",0.131
"tissue","cold","YES",0.023
"tissue","cry","YES",0.023
"tissue","soft","YES",0.015
"toast","bread","YES",0.364
"toast","butter","YES",0.164
"toast","breakfast","YES",0.067
"toast","coffee","YES",0.03
"toast","oven","YES",0.024
"toast","eat","YES",0.018
"toast","jam","YES",0.012
"today","tomorrow","YES",0.503
"today","yesterday","YES",0.111
"today","now","YES",0.072
"today","hot","YES",0.013
"today","present","YES",0.013
"today","school","YES",0.013
"today","show","YES",0.013
"today","tonight","YES",0.013
"toe","foot","YES",0.605
"toe","nail","YES",0.156
"toe","big","YES",0.075
"toe","finger","YES",0.034
"toe","jam","YES",0.02
"tomato","red","YES",0.195
"tomato","fruit","YES",0.062
"tomato","potato","YES",0.062
"tomato","sauce","YES",0.062
"tomato","juice","YES",0.031
"tomato","soup","YES",0.026
"tomato","plant","YES",0.015
"tomato","spaghetti","YES",0.015
"tomato","hot","YES",0.01
"tomato","pasta","YES",0.01
"tomorrow","today","YES",0.527
"tomorrow","yesterday","YES",0.164
"tomorrow","day","YES",0.048
"tomorrow","morning","YES",0.027
"tomorrow","night","YES",0.014
"tomorrow","sun","YES",0.014
"tongue","mouth","YES",0.383
"tongue","kiss","YES",0.067
"tongue","lick","YES",0.06
"tongue","cheek","YES",0.054
"tongue","talk","YES",0.04
"tongue","wet","YES",0.04
"tongue","eat","YES",0.013
"tonight","show","YES",0.17
"tonight","tomorrow","YES",0.144
"tonight","evening","YES",0.124
"tonight","dark","YES",0.078
"tonight","late","YES",0.065
"tonight","party","YES",0.059
"tonight","now","YES",0.052
"tonight","today","YES",0.046
"tonight","sleep","YES",0.033
"tonight","dance","YES",0.02
"tonight","morning","YES",0.02
"tonight","yesterday","YES",0.013
"tooth","brush","YES",0.123
"tooth","mouth","YES",0.051
"tooth","white","YES",0.036
"tooth","nail","YES",0.029
"tooth","bite","YES",0.022
"tooth","eat","YES",0.022
"tooth","smile","YES",0.022
"toothbrush","brush","YES",0.029
"top","high","YES",0.034
"top","down","YES",0.027
"top","hat","YES",0.027
"top","above","YES",0.02
"top","cover","YES",0.014
"top","dog","YES",0.014
"top","shirt","YES",0.014
"top","up","YES",0.014
"touch","soft","YES",0.061
"touch","finger","YES",0.048
"touch","smell","YES",0.03
"touch","gentle","YES",0.018
"touch","me","YES",0.018
"touch","hand","YES",0.012
"touch","push","YES",0.012
"towel","wet","YES",0.088
"towel","shower","YES",0.081
"towel","cloth","YES",0.068
"towel","bath","YES",0.047
"towel","wash","YES",0.027
"towel","bathroom","YES",0.02
"towel","wipe","YES",0.02
"towel","beach","YES",0.014
"towel","blanket","YES",0.014
"towel","dirty","YES",0.014
"towel","rag","YES",0.014
"towel","soap","YES",0.014
"tower","high","YES",0.079
"tower","fire","YES",0.039
"tower","bell","YES",0.024
"tower","light","YES",0.024
"tower","sky","YES",0.016
"tractor","pull","YES",0.135
"tractor","grass","YES",0.021
"tractor","field","YES",0.014
"tractor","truck","YES",0.014
"tractor","yellow","YES",0.014
"train","car","YES",0.058
"train","bus","YES",0.032
"train","fast","YES",0.013
"train","late","YES",0.013
"train","locomotive","NO",0.013
"train","ride","YES",0.013
"trash","can","YES",0.212
"trash","bag","YES",0.026
"trash","smell","YES",0.026
"trash","dump","YES",0.013
"trash","paper","YES",0.013
"trash","white","YES",0.013
"travel","car","YES",0.061
"travel","fly","YES",0.056
"travel","go","YES",0.033
"travel","country","YES",0.022
"travel","far","YES",0.017
"travel","leave","YES",0.017
"travel","away","YES",0.011
"travel","see","YES",0.011
"tree","leaf","YES",0.162
"tree","house","YES",0.074
"tree","climb","YES",0.068
"tree","green","YES",0.047
"tree","top","YES",0.027
"tree","cat","YES",0.014
"tree","flower","YES",0.014
"tree","squirrel","YES",0.014
"truck","car","YES",0.264
"truck","big","YES",0.061
"truck","stop","YES",0.047
"truck","drive","YES",0.02
"truck","dump","YES",0.02
"truck","bus","YES",0.014
"truck","pull","YES",0.014
"truck","road","YES",0.014
"turkey","ham","YES",0.114
"turkey","bird","YES",0.067
"turkey","food","YES",0.067
"turkey","sandwich","YES",0.04
"turkey","meat","YES",0.034
"turkey","dinner","YES",0.027
"turkey","breast","YES",0.013
"turkey","eat","YES",0.013
"turkey","hen","YES",0.013
"turn","off","YES",0.117
"turn","on","YES",0.061
"turn","away","YES",0.039
"turn","car","YES",0.017
"turn","out","YES",0.011
"turn","road","YES",0.011
"turn","stop","YES",0.011
"turtle","slow","YES",0.372
"turtle","animal","YES",0.048
"turtle","green","YES",0.028
"turtle","neck","YES",0.028
"turtle","soup","YES",0.021
"turtle","box","YES",0.014
"ugly","pretty","YES",0.291
"ugly","cute","YES",0.064
"ugly","beautiful","YES",0.028
"ugly","face","YES",0.028
"ugly","fat","YES",0.021
"ugly","scary","YES",0.021
"ugly","dog","YES",0.014
"ugly","girl","YES",0.014
"umbrella","rain","YES",0.701
"umbrella","cover","YES",0.069
"umbrella","wet","YES",0.021
"umbrella","black","YES",0.014
"uncle","aunt","YES",0.706
"uncle","man","YES",0.07
"uncle","cousin","YES",0.014
"uncle","old","YES",0.014
"under","above","YES",0.068
"under","bed","YES",0.014
"under","bridge","YES",0.014
"understand","smart","YES",0.014
"underwear","sock","YES",0.043
"underwear","white","YES",0.036
"underwear","naked","NO",0.014
"underwear","shorts","YES",0.014
"up","down","YES",0.845
"up","high","YES",0.041
"up","elevator","YES",0.027
"up","sky","YES",0.02
"vacuum","dust","YES",0.042
"vacuum","carpet","YES",0.028
"vacuum","sweep","YES",0.028
"vacuum","room","YES",0.014
"vest","jacket","YES",0.3
"vest","shirt","YES",0.143
"vest","coat","YES",0.071
"vest","sweater","YES",0.021
"vest","pants","YES",0.014
"village","house","YES",0.102
"village","people","YES",0.061
"village","home","YES",0.027
"wait","stop","YES",0.122
"wait","go","YES",0.041
"wait","hold","YES",0.041
"wait","time","YES",0.034
"wait","stand","YES",0.027
"wait","leave","YES",0.02
"wait","here","YES",0.014
"wait","late","YES",0.014
"wait","now","YES",0.014
"wait","sit","YES",0.014
"wait","table","YES",0.014
"wake","sleep","YES",0.278
"wake","morning","YES",0.093
"wake","up","YES",0.086
"wake","asleep","YES",0.026
"wake","boat","YES",0.026
"wake","early","YES",0.013
"wake","get up","NO",0.013
"wake","sad","YES",0.013
"wake","sun","YES",0.013
"wake","wave","YES",0.013
"walk","run","YES",0.465
"walk","talk","YES",0.087
"walk","feet","YES",0.016
"walk","leg","YES",0.016
"walk","stop","YES",0.016
"wall","floor","YES",0.109
"wall","paper","YES",0.071
"wall","paint","YES",0.064
"wall","picture","YES",0.058
"wall","street","YES",0.051
"wall","door","YES",0.045
"wall","flower","YES",0.038
"wall","bang","YES",0.013
"wall","hard","YES",0.013
"wall","house","YES",0.013
"wall","roof","YES",0.013
"wall","room","YES",0.013
"wall","window","YES",0.013
"wardrobe","closet","YES",0.073
"wardrobe","shirt","YES",0.02
"wardrobe","dress","YES",0.013
"warm","cold","YES",0.364
"warm","hot","YES",0.273
"warm","sun","YES",0.073
"warm","soft","YES",0.055
"warm","nice","YES",0.024
"wash","car","YES",0.074
"wash","cloth","YES",0.054
"wash","hand","YES",0.041
"wash","soap","YES",0.034
"wash","bath","YES",0.02
"wash","dirty","YES",0.014
"wash","face","YES",0.014
"wash","wear","YES",0.014
"wave","beach","YES",0.094
"wave","hand","YES",0.036
"wave","hello","YES",0.014
"wave","sea","YES",0.014
"wear","take off","NO",0.054
"wear","tear","YES",0.047
"wear","cloth","YES",0.014
"wear","dress","YES",0.014
"wear","naked","NO",0.014
"wear","put on","NO",0.014
"wear","sweater","YES",0.014
"wear","wash","YES",0.014
"well","good","YES",0.239
"well","sick","YES",0.174
"well","fine","YES",0.065
"well","bad","YES",0.036
"well","off","YES",0.014
"wet","cold","YES",0.108
"wet","rain","YES",0.081
"wet","swim","YES",0.047
"wet","paint","YES",0.014
"wet","pool","YES",0.014
"what","who","YES",0.181
"what","why","YES",0.13
"what","where","YES",0.109
"what","how","YES",0.051
"where","here","YES",0.113
"where","there","YES",0.08
"where","what","YES",0.06
"where","why","YES",0.04
"where","how","YES",0.013
"where","to","NO",0.013
"where","who","YES",0.013
"white","black","YES",0.655
"white","snow","YES",0.034
"white","light","YES",0.025
"white","paper","YES",0.025
"white","red","YES",0.017
"who","what","YES",0.229
"who","me","YES",0.09
"who","why","YES",0.076
"who","owl","YES",0.062
"who","you","YES",0.056
"who","person","YES",0.021
"who","where","YES",0.014
"why","not","YES",0.2
"why","how","YES",0.103
"why","what","YES",0.034
"wind","blow","YES",0.169
"wind","rain","YES",0.108
"wind","cold","YES",0.034
"wind","dust","YES",0.014
"wind","fall","YES",0.014
"wind","sea","YES",0.014
"wind","snow","YES",0.014
"window","glass","YES",0.256
"window","door","YES",0.147
"window","curtain","YES",0.038
"window","look","YES",0.019
"window","open","YES",0.019
"window","jump","YES",0.013
"window","mirror","YES",0.013
"window","see","YES",0.013
"wipe","nose","YES",0.086
"wipe","off","YES",0.039
"wipe","baby","YES",0.033
"wipe","butt","YES",0.026
"wipe","table","YES",0.026
"wipe","tissue","YES",0.026
"wipe","cloth","YES",0.02
"wipe","wash","YES",0.02
"wipe","window","YES",0.02
"wipe","dirty","YES",0.013
"wipe","mouth","YES",0.013
"wipe","out","YES",0.013
"wipe","paper","YES",0.013
"wipe","spill","YES",0.013
"with","out","YES",0.067
"with","someone","NO",0.033
"with","who","YES",0.02
"with","you","YES",0.02
"with","me","YES",0.013
"wolf","dog","YES",0.351
"wolf","animal","YES",0.155
"wolf","fox","YES",0.034
"wolf","puppy","YES",0.02
"wolf","bear","YES",0.014
"wolf","cat","YES",0.014
"wolf","man","YES",0.014
"wolf","moon","YES",0.014
"wolf","scary","YES",0.014
"woman","man","YES",0.595
"woman","girl","YES",0.087
"woman","lady","YES",0.048
"woman","beautiful","YES",0.016
"woman","love","YES",0.016
"worm","earth","YES",0.115
"worm","snake","YES",0.079
"worm","ground","YES",0.036
"worm","bird","YES",0.03
"worm","apple","YES",0.024
"worm","bug","YES",0.018
"worm","ugly","YES",0.018
"write","read","YES",0.139
"write","pen","YES",0.128
"write","paper","YES",0.106
"write","draw","YES",0.056
"write","talk","YES",0.011
"yard","grass","YES",0.236
"yard","foot","YES",0.126
"yard","back","YES",0.102
"yard","lawn","YES",0.102
"yard","stick","YES",0.055
"yard","field","YES",0.016
"yard","front","YES",0.016
"yard","green","YES",0.016
"yard","house","YES",0.016
"yard","outside","YES",0.016
"yellow","green","YES",0.176
"yellow","sun","YES",0.115
"yellow","blue","YES",0.068
"yellow","black","YES",0.047
"yellow","red","YES",0.047
"yellow","bird","YES",0.027
"yellow","banana","YES",0.02
"yellow","happy","YES",0.014
"yellow","light","YES",0.014
"yellow","scared","YES",0.014
"yes","no","YES",0.83
"yesterday","today","YES",0.438
"yesterday","tomorrow","YES",0.267
"yesterday","time","YES",0.014
"yogurt","ice cream","YES",0.245
"yogurt","fruit","YES",0.05
"yogurt","milk","YES",0.05
"yogurt","cold","YES",0.036
"yogurt","food","YES",0.036
"yogurt","chocolate","YES",0.029
"yogurt","fat","YES",0.022
"you","me","YES",0.701
"you","i","YES",0.032
"you","self","YES",0.026
"you","person","YES",0.019
"you","smile","YES",0.019
"you","other","YES",0.013
"zipper","pants","YES",0.434
"zipper","fly","YES",0.119
"zipper","jeans","YES",0.077
"zipper","button","YES",0.07
"zipper","jacket","YES",0.028
"zipper","up","YES",0.021
"zipper","close","YES",0.014
"zipper","down","YES",0.014
"zipper","open","YES",0.014
"zoo","animal","YES",0.649
"zoo","lion","YES",0.062
"zoo","monkey","YES",0.041
"zoo","bear","YES",0.031
"zoo","elephant","YES",0.031
